Data Sessão,PL,Autor,Ementa,Status,Votos,Presentes,Fonte,Link YouTube
2025-03-08,003/2025,Cacau Repórter,Dispõe sobre a,Não identificado,N/A,"Amanda, André do Gás, Cacau Repórter, Caio Perfister, Calé, Dudu do Resgate, Fabinho Filé, Fidel Faria, Igor Faraco, João Miguel, Luciano Santos, Márcia Valentim, Marcos Rangel, Maurício Lopes, Paulinho Nogueira, Amurim",video-KOFfnMQI7aA-ytranscript.txt,https://www.youtube.com/watch?v=KOFfnMQI7aA
2025-12-02,004/2025,Amanda,Inclui o,Não identificado,N/A,Chamada não identificada,Sessão da Câmara de Teresópolis - 02 - 12 - 2025 (ytranscript.app).txt,https://www.youtube.com/watch?v=1_fKnlVY00Q
2025-03-08,005/2025,Vitim Nogueira,Dispõe sobre d,Não identificado,N/A,"Amanda, André do Gás, Cacau Repórter, Caio Perfister, Calé, Dudu do Resgate, Fabinho Filé, Fidel Faria, Igor Faraco, João Miguel, Luciano Santos, Márcia Valentim, Marcos Rangel, Maurício Lopes, Paulinho Nogueira, Amurim",video-KOFfnMQI7aA-ytranscript.txt,https://www.youtube.com/watch?v=KOFfnMQI7aA
2025-03-08,006/2025,Vitim Nogueira,Dispõe sobre d,Não identificado,N/A,"Amanda, André do Gás, Cacau Repórter, Caio Perfister, Calé, Dudu do Resgate, Fabinho Filé, Fidel Faria, Igor Faraco, João Miguel, Luciano Santos, Márcia Valentim, Marcos Rangel, Maurício Lopes, Paulinho Nogueira, Amurim",video-KOFfnMQI7aA-ytranscript.txt,https://www.youtube.com/watch?v=KOFfnMQI7aA
2025-04-02,015/2025,Dudo Resgate,Dispõe sobre a,Não identificado,N/A,"Amanda, Bruninho Almeida, Cacau Repórter, Caio Perfister, Calé, Dudu do Resgate, Diego Barbosa, Fabinho Filé, Fidel Faria, Igor Faraco, João Miguel, Luciano Santos, Márcia Valentim, Marcos Rangel, Maurício Lopes, Paulinho Nogueira",video-q4OpqYXvxh0-ytranscript.txt,https://www.youtube.com/watch?v=q4OpqYXvxh0
2025-04-14,015/2025,Dudo Resgate,Dispõe sobre a,Aprovado (Votação Simbólica),N/A,Chamada não identificada,video-Xx4rK1E4rqI-ytranscript.txt,https://www.youtube.com/watch?v=Xx4rK1E4rqI
2025-06-12,016/2025,Dudu do Resgate,Dispõe sobre a,Não identificado,N/A,"Amanda, André do Gás, Bruninho Almeida, Cacau Repórter, Calé, Dudu do Resgate, Diego Barbosa, Fabinho Filé, Fidel Faria, Igor Faraco, João Miguel, Luciano Santos, Márcia Valentim, Marcos Rangel, Maurício Lopes, Paulinho Nogueira, Amurim, Érica Marra",video-9WnNBpuIIa0-ytranscript.txt,https://www.youtube.com/watch?v=9WnNBpuIIa0
2025-03-10,017/2022,Calé,Dispõe sobre a,Aprovado (Votação Simbólica),N/A,Chamada não identificada,video-XKC09Tjae0Y-ytranscript.txt,https://www.youtube.com/watch?v=XKC09Tjae0Y
2025-03-30,017/2025,Calé,Dispõe sobre a,Não identificado,N/A,"Amanda, André do Gás, Cacau Repórter, Caio Perfister, Calé, Dudu do Resgate, Diego Barbosa, Fabinho Filé, Fidel Faria, Igor Faraco, João Miguel, Luciano Santos, Márcia Valentim, Marcos Rangel, Maurício Lopes, Paulinho Nogueira, Amurim",video-gv8rFuKc4uA-ytranscript.txt,https://www.youtube.com/watch?v=gv8rFuKc4uA
2025-04-03,017/2025,Calé,Dispõe sobre a,Encaminhado para Comissão,N/A,"Amanda, Bruninho Almeida, Cacau Repórter, Caio Perfister, Calé, Dudu do Resgate, Diego Barbosa, Fabinho Filé, Fidel Faria, Igor Faraco, João Miguel, Marcos Rangel, Maurício Lopes, Paulinho Nogueira, Amurim, Érica Marra",video-_7wAlHRBLSA-ytranscript.txt,https://www.youtube.com/watch?v=_7wAlHRBLSA
2025-04-03,019/2025,Vitinho,Dispõe sobre a,Encaminhado para Comissão,N/A,"Amanda, Bruninho Almeida, Cacau Repórter, Caio Perfister, Calé, Dudu do Resgate, Diego Barbosa, Fabinho Filé, Fidel Faria, Igor Faraco, João Miguel, Marcos Rangel, Maurício Lopes, Paulinho Nogueira, Amurim, Érica Marra",video-_7wAlHRBLSA-ytranscript.txt,https://www.youtube.com/watch?v=_7wAlHRBLSA
2025-01-23,026/2022,Bruninho Almeida,Dispõe sobre a,Aprovado (Votação Simbólica),N/A,Chamada não identificada,video-NUKpXv7lPwg-ytranscript.txt,https://www.youtube.com/watch?v=NUKpXv7lPwg
2025-03-13,027/2022,Fidel Faria,Institui [,Encaminhado para Comissão,N/A,Chamada não identificada,video-A_AmBdu9O2E-ytranscript.txt,https://www.youtube.com/watch?v=A_AmBdu9O2E
2025-10-16,029/2025,Caip Fister,Dispõe sobre a,Não identificado,N/A,"Amanda, André do Gás, Bruninho Almeida, Cacau Repórter, Calé, Dudu do Resgate, Diego Barbosa, Fabinho Filé, Fidel Faria, Igor Faraco, João Miguel, Luciano Santos, Márcia Valentim, Marcos Rangel, Maurício Lopes, Sandrinho",Sessão da Câmara de Teresópolis - 16 - 10 - 2025 (ytranscript.app).txt,https://www.youtube.com/watch?v=rL5qLDemuZo
2025-04-03,034/2025,Vitinho,Dispõe sobre i,Aprovado (Votação Simbólica),N/A,"Amanda, Bruninho Almeida, Cacau Repórter, Caio Perfister, Calé, Dudu do Resgate, Diego Barbosa, Fabinho Filé, Fidel Faria, Igor Faraco, João Miguel, Marcos Rangel, Maurício Lopes, Paulinho Nogueira, Amurim, Érica Marra",video-_7wAlHRBLSA-ytranscript.txt,https://www.youtube.com/watch?v=_7wAlHRBLSA
2025-12-09,035/2025,Cacau Repórter,De autoria do vereador Fidel Faria. Projeto de Lei 035/2025 de autoria do vereador Fidel Faria.,Não identificado,N/A,Chamada não identificada,Sessão da Câmara de Teresópolis - 09 - 12 - 2025 (ytranscript.app).txt,https://www.youtube.com/watch?v=GJmqmTCnwXo
2025-04-14,038/2025,Diego Barbosa,Dispõe sobre a,Aprovado (Votação Simbólica),N/A,Chamada não identificada,video-Xx4rK1E4rqI-ytranscript.txt,https://www.youtube.com/watch?v=Xx4rK1E4rqI
2025-04-30,038/2025,Luciano Santos,Dispõe sobre a,Não identificado,N/A,"Amanda, Cacau Repórter, Calé, Dudu do Resgate, Diego Barbosa, Fabinho Filé, Fidel Faria, Igor Faraco, João Miguel, Luciano Santos, Márcia Valentim, Marcos Rangel, Maurício Lopes, Paulinho Nogueira, Amurim, Érica Marra",video-lRcIU8VZdIM-ytranscript.txt,https://www.youtube.com/watch?v=lRcIU8VZdIM
2025-03-08,04/2025,Vitin Nogueira,Dispõe sobre a,Não identificado,N/A,"Amanda, André do Gás, Cacau Repórter, Caio Perfister, Calé, Dudu do Resgate, Fabinho Filé, Fidel Faria, Igor Faraco, João Miguel, Luciano Santos, Márcia Valentim, Marcos Rangel, Maurício Lopes, Paulinho Nogueira, Amurim",video-KOFfnMQI7aA-ytranscript.txt,https://www.youtube.com/watch?v=KOFfnMQI7aA
2025-04-08,040/2025,Vitinho Nogueira,Dispõe sobre a,Não identificado,N/A,"Amanda, Cacau Repórter, Caio Perfister, Calé, Dudu do Resgate, Diego Barbosa, Fabinho Filé, Fidel Faria, Igor Faraco, João Miguel, Luciano Santos, Márcia Valentim, Marcos Rangel, Maurício Lopes, Paulinho Nogueira, Amurim",video-faVOBjdAiDs-ytranscript.txt,https://www.youtube.com/watch?v=faVOBjdAiDs
2025-04-29,040/2025,Vitinho Nogueira,Dispõe sobre a,Em Discussão,N/A,"Amanda, André do Gás, Bruninho Almeida, Cacau Repórter, Calé, Dudu do Resgate, Diego Barbosa, Fabinho Filé, Fidel Faria, Igor Faraco, João Miguel, Luciano Santos, Márcia Valentim, Marcos Rangel, Maurício Lopes, Paulinho Nogueira, Amurim, Érica Marra",video-sMDaK1_7-QM-ytranscript.txt,https://www.youtube.com/watch?v=sMDaK1_7-QM
2025-04-02,043/2025,Diego Barbosa,Dispõe sobre a,Não identificado,N/A,"Amanda, Bruninho Almeida, Cacau Repórter, Caio Perfister, Calé, Dudu do Resgate, Diego Barbosa, Fabinho Filé, Fidel Faria, Igor Faraco, João Miguel, Luciano Santos, Márcia Valentim, Marcos Rangel, Maurício Lopes, Paulinho Nogueira",video-q4OpqYXvxh0-ytranscript.txt,https://www.youtube.com/watch?v=q4OpqYXvxh0
2025-04-14,043/2025,Paulinho Nogueira,Dispõe sobre a,Não identificado,N/A,Chamada não identificada,video-Xx4rK1E4rqI-ytranscript.txt,https://www.youtube.com/watch?v=Xx4rK1E4rqI
2025-04-29,043/2025,Diego Barbosa,Dispõe sobre c,Em Discussão,N/A,"Amanda, André do Gás, Bruninho Almeida, Cacau Repórter, Calé, Dudu do Resgate, Diego Barbosa, Fabinho Filé, Fidel Faria, Igor Faraco, João Miguel, Luciano Santos, Márcia Valentim, Marcos Rangel, Maurício Lopes, Paulinho Nogueira, Amurim, Érica Marra",video-sMDaK1_7-QM-ytranscript.txt,https://www.youtube.com/watch?v=sMDaK1_7-QM
2025-03-30,044/2025,Luciano Santos,Dispõe sobre a,Não identificado,N/A,"Amanda, André do Gás, Cacau Repórter, Caio Perfister, Calé, Dudu do Resgate, Diego Barbosa, Fabinho Filé, Fidel Faria, Igor Faraco, João Miguel, Luciano Santos, Márcia Valentim, Marcos Rangel, Maurício Lopes, Paulinho Nogueira, Amurim",video-gv8rFuKc4uA-ytranscript.txt,https://www.youtube.com/watch?v=gv8rFuKc4uA
2025-04-03,044/2025,Érica Marra,Dispõe sobre a,Aprovado (Votação Simbólica),N/A,"Amanda, Bruninho Almeida, Cacau Repórter, Caio Perfister, Calé, Dudu do Resgate, Diego Barbosa, Fabinho Filé, Fidel Faria, Igor Faraco, João Miguel, Marcos Rangel, Maurício Lopes, Paulinho Nogueira, Amurim, Érica Marra",video-_7wAlHRBLSA-ytranscript.txt,https://www.youtube.com/watch?v=_7wAlHRBLSA
2025-03-30,046/2025,Luciano Santos,Dispõe sobre a,Não identificado,N/A,"Amanda, André do Gás, Cacau Repórter, Caio Perfister, Calé, Dudu do Resgate, Diego Barbosa, Fabinho Filé, Fidel Faria, Igor Faraco, João Miguel, Luciano Santos, Márcia Valentim, Marcos Rangel, Maurício Lopes, Paulinho Nogueira, Amurim",video-gv8rFuKc4uA-ytranscript.txt,https://www.youtube.com/watch?v=gv8rFuKc4uA
2025-04-03,046/2025,Luciano Santos,Dispõe sobre a,Aprovado (Votação Simbólica),N/A,"Amanda, Bruninho Almeida, Cacau Repórter, Caio Perfister, Calé, Dudu do Resgate, Diego Barbosa, Fabinho Filé, Fidel Faria, Igor Faraco, João Miguel, Marcos Rangel, Maurício Lopes, Paulinho Nogueira, Amurim, Érica Marra",video-_7wAlHRBLSA-ytranscript.txt,https://www.youtube.com/watch?v=_7wAlHRBLSA
2024-12-27,048/2021,André do Gás,Dispõe sobre a,Aprovado (Votação Simbólica),N/A,Chamada não identificada,video-JHlCDk5N6Tc-ytranscript.txt,https://www.youtube.com/watch?v=JHlCDk5N6Tc
2025-04-03,049/2025,Calé,Dispõe sobre c,Aprovado (Votação Simbólica),N/A,"Amanda, Bruninho Almeida, Cacau Repórter, Caio Perfister, Calé, Dudu do Resgate, Diego Barbosa, Fabinho Filé, Fidel Faria, Igor Faraco, João Miguel, Marcos Rangel, Maurício Lopes, Paulinho Nogueira, Amurim, Érica Marra",video-_7wAlHRBLSA-ytranscript.txt,https://www.youtube.com/watch?v=_7wAlHRBLSA
2025-03-08,05/2025,Vitin Nogueira,Dispõe sobre d,Não identificado,N/A,"Amanda, André do Gás, Cacau Repórter, Caio Perfister, Calé, Dudu do Resgate, Fabinho Filé, Fidel Faria, Igor Faraco, João Miguel, Luciano Santos, Márcia Valentim, Marcos Rangel, Maurício Lopes, Paulinho Nogueira, Amurim",video-KOFfnMQI7aA-ytranscript.txt,https://www.youtube.com/watch?v=KOFfnMQI7aA
2025-04-14,05/2025,Paulinho Nogueira,Dispõe sobre a,Não identificado,N/A,Chamada não identificada,video-Xx4rK1E4rqI-ytranscript.txt,https://www.youtube.com/watch?v=Xx4rK1E4rqI
2025-04-14,053/2025,Diego Barbosa,Dispõe sobre a,Aprovado (Votação Simbólica),N/A,Chamada não identificada,video-Xx4rK1E4rqI-ytranscript.txt,https://www.youtube.com/watch?v=Xx4rK1E4rqI
2025-04-30,053/2025,Luciano Santos,Dispõe sobre a,Não identificado,N/A,"Amanda, Cacau Repórter, Calé, Dudu do Resgate, Diego Barbosa, Fabinho Filé, Fidel Faria, Igor Faraco, João Miguel, Luciano Santos, Márcia Valentim, Marcos Rangel, Maurício Lopes, Paulinho Nogueira, Amurim, Érica Marra",video-lRcIU8VZdIM-ytranscript.txt,https://www.youtube.com/watch?v=lRcIU8VZdIM
2025-05-29,054/2025,Dudu do Resgate,Dispõe sobre a,Não identificado,N/A,"Amanda, André do Gás, Bruninho Almeida, Cacau Repórter, Caio Perfister, Calé, Dudu do Resgate, Diego Barbosa, Fabinho Filé, Fidel Faria, Igor Faraco, João Miguel, Luciano Santos, Márcia Valentim, Marcos Rangel, Maurício Lopes, Paulinho Nogueira, Amurim",video-NERWij9Cmqg-ytranscript.txt,https://www.youtube.com/watch?v=NERWij9Cmqg
2025-06-12,054/2025,Dudu do Resgate,Dispõe sobre a,Não identificado,N/A,"Amanda, André do Gás, Bruninho Almeida, Cacau Repórter, Calé, Dudu do Resgate, Diego Barbosa, Fabinho Filé, Fidel Faria, Igor Faraco, João Miguel, Luciano Santos, Márcia Valentim, Marcos Rangel, Maurício Lopes, Paulinho Nogueira, Amurim, Érica Marra",video-9WnNBpuIIa0-ytranscript.txt,https://www.youtube.com/watch?v=9WnNBpuIIa0
2025-04-14,055/2025,Luciano Santos,Dispõe sobre a,Aprovado (Votação Simbólica),N/A,Chamada não identificada,video-Xx4rK1E4rqI-ytranscript.txt,https://www.youtube.com/watch?v=Xx4rK1E4rqI
2025-04-02,057/2025,Luciano Santos,Dispõe sobre o,Não identificado,N/A,"Amanda, Bruninho Almeida, Cacau Repórter, Caio Perfister, Calé, Dudu do Resgate, Diego Barbosa, Fabinho Filé, Fidel Faria, Igor Faraco, João Miguel, Luciano Santos, Márcia Valentim, Marcos Rangel, Maurício Lopes, Paulinho Nogueira",video-q4OpqYXvxh0-ytranscript.txt,https://www.youtube.com/watch?v=q4OpqYXvxh0
2025-04-14,057/2025,Luciano Santos,Dispõe sobre o,Aprovado (Votação Simbólica),N/A,Chamada não identificada,video-Xx4rK1E4rqI-ytranscript.txt,https://www.youtube.com/watch?v=Xx4rK1E4rqI
2025-04-30,057/2025,Luciano Santos,Dispõe sobre d,Não identificado,N/A,"Amanda, Cacau Repórter, Calé, Dudu do Resgate, Diego Barbosa, Fabinho Filé, Fidel Faria, Igor Faraco, João Miguel, Luciano Santos, Márcia Valentim, Marcos Rangel, Maurício Lopes, Paulinho Nogueira, Amurim, Érica Marra",video-lRcIU8VZdIM-ytranscript.txt,https://www.youtube.com/watch?v=lRcIU8VZdIM
2025-04-29,058/2025,Paulinho Nogueira,Dispõe sobre c,Em Discussão,N/A,"Amanda, André do Gás, Bruninho Almeida, Cacau Repórter, Calé, Dudu do Resgate, Diego Barbosa, Fabinho Filé, Fidel Faria, Igor Faraco, João Miguel, Luciano Santos, Márcia Valentim, Marcos Rangel, Maurício Lopes, Paulinho Nogueira, Amurim, Érica Marra",video-sMDaK1_7-QM-ytranscript.txt,https://www.youtube.com/watch?v=sMDaK1_7-QM
2025-04-30,059/2022,Vitinho Nogueira,Dispõe sobre d,Não identificado,N/A,"Amanda, Cacau Repórter, Calé, Dudu do Resgate, Diego Barbosa, Fabinho Filé, Fidel Faria, Igor Faraco, João Miguel, Luciano Santos, Márcia Valentim, Marcos Rangel, Maurício Lopes, Paulinho Nogueira, Amurim, Érica Marra",video-lRcIU8VZdIM-ytranscript.txt,https://www.youtube.com/watch?v=lRcIU8VZdIM
2025-04-08,059/2025,Paulinho Nogueira,Dispõe sobre o,Em Discussão,N/A,"Amanda, Cacau Repórter, Caio Perfister, Calé, Dudu do Resgate, Diego Barbosa, Fabinho Filé, Fidel Faria, Igor Faraco, João Miguel, Luciano Santos, Márcia Valentim, Marcos Rangel, Maurício Lopes, Paulinho Nogueira, Amurim",video-faVOBjdAiDs-ytranscript.txt,https://www.youtube.com/watch?v=faVOBjdAiDs
2025-03-08,06/2025,Ico Faraco à Comissão de Legislação,Dispõe sobre d,Não identificado,N/A,"Amanda, André do Gás, Cacau Repórter, Caio Perfister, Calé, Dudu do Resgate, Fabinho Filé, Fidel Faria, Igor Faraco, João Miguel, Luciano Santos, Márcia Valentim, Marcos Rangel, Maurício Lopes, Paulinho Nogueira, Amurim",video-KOFfnMQI7aA-ytranscript.txt,https://www.youtube.com/watch?v=KOFfnMQI7aA
2025-04-03,06/2025,Luciano Santos,Dispõe sobre c,Não identificado,N/A,"Amanda, Bruninho Almeida, Cacau Repórter, Caio Perfister, Calé, Dudu do Resgate, Diego Barbosa, Fabinho Filé, Fidel Faria, Igor Faraco, João Miguel, Marcos Rangel, Maurício Lopes, Paulinho Nogueira, Amurim, Érica Marra",video-_7wAlHRBLSA-ytranscript.txt,https://www.youtube.com/watch?v=_7wAlHRBLSA
2025-04-02,060/2025,Vitinho Nogueira,Dispõe sobre o,Não identificado,N/A,"Amanda, Bruninho Almeida, Cacau Repórter, Caio Perfister, Calé, Dudu do Resgate, Diego Barbosa, Fabinho Filé, Fidel Faria, Igor Faraco, João Miguel, Luciano Santos, Márcia Valentim, Marcos Rangel, Maurício Lopes, Paulinho Nogueira",video-q4OpqYXvxh0-ytranscript.txt,https://www.youtube.com/watch?v=q4OpqYXvxh0
2025-04-02,063/2025,Dudo Resgate,Dispõe sobre a,Aprovado (Votação Simbólica),N/A,"Amanda, Bruninho Almeida, Cacau Repórter, Caio Perfister, Calé, Dudu do Resgate, Diego Barbosa, Fabinho Filé, Fidel Faria, Igor Faraco, João Miguel, Luciano Santos, Márcia Valentim, Marcos Rangel, Maurício Lopes, Paulinho Nogueira",video-q4OpqYXvxh0-ytranscript.txt,https://www.youtube.com/watch?v=q4OpqYXvxh0
2025-04-29,063/2025,Dudu do Resgate,Dispõe sobre c,Em Discussão,N/A,"Amanda, André do Gás, Bruninho Almeida, Cacau Repórter, Calé, Dudu do Resgate, Diego Barbosa, Fabinho Filé, Fidel Faria, Igor Faraco, João Miguel, Luciano Santos, Márcia Valentim, Marcos Rangel, Maurício Lopes, Paulinho Nogueira, Amurim, Érica Marra",video-sMDaK1_7-QM-ytranscript.txt,https://www.youtube.com/watch?v=sMDaK1_7-QM
2025-04-30,064/2025,Luciano Santos,Dispõe sobre a,Não identificado,N/A,"Amanda, Cacau Repórter, Calé, Dudu do Resgate, Diego Barbosa, Fabinho Filé, Fidel Faria, Igor Faraco, João Miguel, Luciano Santos, Márcia Valentim, Marcos Rangel, Maurício Lopes, Paulinho Nogueira, Amurim, Érica Marra",video-lRcIU8VZdIM-ytranscript.txt,https://www.youtube.com/watch?v=lRcIU8VZdIM
2025-04-08,065/2025,Luciano Santos,Dispõe sobre a,Não identificado,N/A,"Amanda, Cacau Repórter, Caio Perfister, Calé, Dudu do Resgate, Diego Barbosa, Fabinho Filé, Fidel Faria, Igor Faraco, João Miguel, Luciano Santos, Márcia Valentim, Marcos Rangel, Maurício Lopes, Paulinho Nogueira, Amurim",video-faVOBjdAiDs-ytranscript.txt,https://www.youtube.com/watch?v=faVOBjdAiDs
2025-04-14,065/2025,Luciano Santos,Dispõe sobre a,Não identificado,N/A,Chamada não identificada,video-Xx4rK1E4rqI-ytranscript.txt,https://www.youtube.com/watch?v=Xx4rK1E4rqI
2025-04-29,065/2025,Luciano Santos,Dispõe sobre a,Em Discussão,N/A,"Amanda, André do Gás, Bruninho Almeida, Cacau Repórter, Calé, Dudu do Resgate, Diego Barbosa, Fabinho Filé, Fidel Faria, Igor Faraco, João Miguel, Luciano Santos, Márcia Valentim, Marcos Rangel, Maurício Lopes, Paulinho Nogueira, Amurim, Érica Marra",video-sMDaK1_7-QM-ytranscript.txt,https://www.youtube.com/watch?v=sMDaK1_7-QM
2025-04-30,065/2025,Luciano Santos,Dispõe sobre a,Não identificado,N/A,"Amanda, Cacau Repórter, Calé, Dudu do Resgate, Diego Barbosa, Fabinho Filé, Fidel Faria, Igor Faraco, João Miguel, Luciano Santos, Márcia Valentim, Marcos Rangel, Maurício Lopes, Paulinho Nogueira, Amurim, Érica Marra",video-lRcIU8VZdIM-ytranscript.txt,https://www.youtube.com/watch?v=lRcIU8VZdIM
2025-04-02,066/2025,Luciano Santos,Dispõe sobre r,Aprovado (Votação Simbólica),N/A,"Amanda, Bruninho Almeida, Cacau Repórter, Caio Perfister, Calé, Dudu do Resgate, Diego Barbosa, Fabinho Filé, Fidel Faria, Igor Faraco, João Miguel, Luciano Santos, Márcia Valentim, Marcos Rangel, Maurício Lopes, Paulinho Nogueira",video-q4OpqYXvxh0-ytranscript.txt,https://www.youtube.com/watch?v=q4OpqYXvxh0
2025-04-14,066/2025,Luciano Santos,Dispõe sobre a,Não identificado,N/A,Chamada não identificada,video-Xx4rK1E4rqI-ytranscript.txt,https://www.youtube.com/watch?v=Xx4rK1E4rqI
2025-04-29,066/2025,Luciano Santos,Dispõe sobre a,Em Discussão,N/A,"Amanda, André do Gás, Bruninho Almeida, Cacau Repórter, Calé, Dudu do Resgate, Diego Barbosa, Fabinho Filé, Fidel Faria, Igor Faraco, João Miguel, Luciano Santos, Márcia Valentim, Marcos Rangel, Maurício Lopes, Paulinho Nogueira, Amurim, Érica Marra",video-sMDaK1_7-QM-ytranscript.txt,https://www.youtube.com/watch?v=sMDaK1_7-QM
2025-04-30,066/2025,Luciano Santos,Dispõe sobre a,Não identificado,N/A,"Amanda, Cacau Repórter, Calé, Dudu do Resgate, Diego Barbosa, Fabinho Filé, Fidel Faria, Igor Faraco, João Miguel, Luciano Santos, Márcia Valentim, Marcos Rangel, Maurício Lopes, Paulinho Nogueira, Amurim, Érica Marra",video-lRcIU8VZdIM-ytranscript.txt,https://www.youtube.com/watch?v=lRcIU8VZdIM
2025-04-30,067/2025,Márcia Valentim,Dispõe sobre a,Não identificado,N/A,"Amanda, Cacau Repórter, Calé, Dudu do Resgate, Diego Barbosa, Fabinho Filé, Fidel Faria, Igor Faraco, João Miguel, Luciano Santos, Márcia Valentim, Marcos Rangel, Maurício Lopes, Paulinho Nogueira, Amurim, Érica Marra",video-lRcIU8VZdIM-ytranscript.txt,https://www.youtube.com/watch?v=lRcIU8VZdIM
2025-04-02,070/2025,Dudu do Resgate,Dispõe sobre a,Aprovado (Votação Simbólica),N/A,"Amanda, Bruninho Almeida, Cacau Repórter, Caio Perfister, Calé, Dudu do Resgate, Diego Barbosa, Fabinho Filé, Fidel Faria, Igor Faraco, João Miguel, Luciano Santos, Márcia Valentim, Marcos Rangel, Maurício Lopes, Paulinho Nogueira",video-q4OpqYXvxh0-ytranscript.txt,https://www.youtube.com/watch?v=q4OpqYXvxh0
2025-04-14,070/2025,Sandrinho,Dispõe sobre a,Não identificado,N/A,Chamada não identificada,video-Xx4rK1E4rqI-ytranscript.txt,https://www.youtube.com/watch?v=Xx4rK1E4rqI
2025-04-02,071/2025,Dudu do Resgate,Dispõe sobre a,Encaminhado para Comissão,N/A,"Amanda, Bruninho Almeida, Cacau Repórter, Caio Perfister, Calé, Dudu do Resgate, Diego Barbosa, Fabinho Filé, Fidel Faria, Igor Faraco, João Miguel, Luciano Santos, Márcia Valentim, Marcos Rangel, Maurício Lopes, Paulinho Nogueira",video-q4OpqYXvxh0-ytranscript.txt,https://www.youtube.com/watch?v=q4OpqYXvxh0
2025-04-14,072/2025,Amanda,Autoriza o,Em Discussão,N/A,Chamada não identificada,video-Xx4rK1E4rqI-ytranscript.txt,https://www.youtube.com/watch?v=Xx4rK1E4rqI
2025-04-08,073/2025,Cacau Repórter,Institui a,Não identificado,N/A,"Amanda, Cacau Repórter, Caio Perfister, Calé, Dudu do Resgate, Diego Barbosa, Fabinho Filé, Fidel Faria, Igor Faraco, João Miguel, Luciano Santos, Márcia Valentim, Marcos Rangel, Maurício Lopes, Paulinho Nogueira, Amurim",video-faVOBjdAiDs-ytranscript.txt,https://www.youtube.com/watch?v=faVOBjdAiDs
2025-04-15,073/2025,Cacau Repórter,Dispõe sobre d,Não identificado,N/A,"Amanda, Bruninho Almeida, Cacau Repórter, Caio Perfister, Calé, Dudu do Resgate, Diego Barbosa, Fabinho Filé, Fidel Faria, Igor Faraco, João Miguel, Luciano Santos, Márcia Valentim, Marcos Rangel, Maurício Lopes, Paulinho Nogueira, Amurim",video-GWiUIy5IE0Q-ytranscript.txt,https://www.youtube.com/watch?v=GWiUIy5IE0Q
2025-05-06,073/2025,Cacau Repórter,Dispõe sobre c,Aprovado (Votação Simbólica),N/A,Chamada não identificada,video-fAJP0gixuE0-ytranscript.txt,https://www.youtube.com/watch?v=fAJP0gixuE0
2025-04-02,077/2025,Amanda,Dispõe sobre c,Não identificado,N/A,"Amanda, Bruninho Almeida, Cacau Repórter, Caio Perfister, Calé, Dudu do Resgate, Diego Barbosa, Fabinho Filé, Fidel Faria, Igor Faraco, João Miguel, Luciano Santos, Márcia Valentim, Marcos Rangel, Maurício Lopes, Paulinho Nogueira",video-q4OpqYXvxh0-ytranscript.txt,https://www.youtube.com/watch?v=q4OpqYXvxh0
2025-06-24,077/2025,Diego Barbosa,Dispõe sobre a,Não identificado,N/A,"Amanda, Bruninho Almeida, Cacau Repórter, Caio Perfister, Calé, Dudu do Resgate, Diego Barbosa, Fabinho Filé, Fidel Faria, Igor Faraco, João Miguel, Luciano Santos, Marcos Rangel, Maurício Lopes, Paulinho Nogueira, Amurim",video-TgmiFJBXdpU-ytranscript.txt,https://www.youtube.com/watch?v=TgmiFJBXdpU
2025-05-29,078/2025,Luciano Santos,Dispõe sobre l,Não identificado,N/A,"Amanda, André do Gás, Bruninho Almeida, Cacau Repórter, Caio Perfister, Calé, Dudu do Resgate, Diego Barbosa, Fabinho Filé, Fidel Faria, Igor Faraco, João Miguel, Luciano Santos, Márcia Valentim, Marcos Rangel, Maurício Lopes, Paulinho Nogueira, Amurim",video-NERWij9Cmqg-ytranscript.txt,https://www.youtube.com/watch?v=NERWij9Cmqg
2025-06-03,078/2025,Luciano Santos,Dispõe sobre l,Aprovado (Votação Simbólica),N/A,Chamada não identificada,video-C7NKvPiA49E-ytranscript.txt,https://www.youtube.com/watch?v=C7NKvPiA49E
2024-04-05,079/2025,Cacau Repórter,Dispõe sobre a,Não identificado,N/A,"Amanda, André do Gás, Bruninho Almeida, Cacau Repórter, Caio Perfister, Calé, Dudu do Resgate, Diego Barbosa, Fabinho Filé, Fidel Faria, Igor Faraco, João Miguel, Luciano Santos, Marcos Rangel, Maurício Lopes, Paulinho Nogueira, Amurim, Érica Marra",video-cXHvCEWqVIU-ytranscript.txt,https://www.youtube.com/watch?v=cXHvCEWqVIU
2025-04-02,079/2025,Amanda,Inclui n,Não identificado,N/A,"Amanda, Bruninho Almeida, Cacau Repórter, Caio Perfister, Calé, Dudu do Resgate, Diego Barbosa, Fabinho Filé, Fidel Faria, Igor Faraco, João Miguel, Luciano Santos, Márcia Valentim, Marcos Rangel, Maurício Lopes, Paulinho Nogueira",video-q4OpqYXvxh0-ytranscript.txt,https://www.youtube.com/watch?v=q4OpqYXvxh0
2025-05-13,079/2025,Cacau Repórter,Dispõe sobre d,Não identificado,N/A,Chamada não identificada,video-63boyEcTKDM-ytranscript.txt,https://www.youtube.com/watch?v=63boyEcTKDM
2025-03-08,08/2025,Márcia Valentim,Dispõe sobre a,Não identificado,N/A,"Amanda, André do Gás, Cacau Repórter, Caio Perfister, Calé, Dudu do Resgate, Fabinho Filé, Fidel Faria, Igor Faraco, João Miguel, Luciano Santos, Márcia Valentim, Marcos Rangel, Maurício Lopes, Paulinho Nogueira, Amurim",video-KOFfnMQI7aA-ytranscript.txt,https://www.youtube.com/watch?v=KOFfnMQI7aA
2025-04-14,080/2025,Cacau Repórter,Dispõe sobre a,Encaminhado para Comissão,N/A,Chamada não identificada,video-Xx4rK1E4rqI-ytranscript.txt,https://www.youtube.com/watch?v=Xx4rK1E4rqI
2025-05-13,080/2025,Cacau Repórter,Dispõe sobre d,Não identificado,N/A,Chamada não identificada,video-63boyEcTKDM-ytranscript.txt,https://www.youtube.com/watch?v=63boyEcTKDM
2024-04-05,081/2025,Calé,Dispõe sobre a,Em Discussão,N/A,"Amanda, André do Gás, Bruninho Almeida, Cacau Repórter, Caio Perfister, Calé, Dudu do Resgate, Diego Barbosa, Fabinho Filé, Fidel Faria, Igor Faraco, João Miguel, Luciano Santos, Marcos Rangel, Maurício Lopes, Paulinho Nogueira, Amurim, Érica Marra",video-cXHvCEWqVIU-ytranscript.txt,https://www.youtube.com/watch?v=cXHvCEWqVIU
2025-04-15,081/2025,Calé,Dispõe sobre a,Não identificado,N/A,"Amanda, Bruninho Almeida, Cacau Repórter, Caio Perfister, Calé, Dudu do Resgate, Diego Barbosa, Fabinho Filé, Fidel Faria, Igor Faraco, João Miguel, Luciano Santos, Márcia Valentim, Marcos Rangel, Maurício Lopes, Paulinho Nogueira, Amurim",video-GWiUIy5IE0Q-ytranscript.txt,https://www.youtube.com/watch?v=GWiUIy5IE0Q
2025-05-13,081/2025,Calé,Dispõe sobre a,Não identificado,N/A,Chamada não identificada,video-63boyEcTKDM-ytranscript.txt,https://www.youtube.com/watch?v=63boyEcTKDM
2025-05-29,082/2025,Diego Barbosa,Dispõe sobre a,Não identificado,N/A,"Amanda, André do Gás, Bruninho Almeida, Cacau Repórter, Caio Perfister, Calé, Dudu do Resgate, Diego Barbosa, Fabinho Filé, Fidel Faria, Igor Faraco, João Miguel, Luciano Santos, Márcia Valentim, Marcos Rangel, Maurício Lopes, Paulinho Nogueira, Amurim",video-NERWij9Cmqg-ytranscript.txt,https://www.youtube.com/watch?v=NERWij9Cmqg
2025-06-12,082/2025,Diego Barbosa,Dispõe sobre a,Não identificado,N/A,"Amanda, André do Gás, Bruninho Almeida, Cacau Repórter, Calé, Dudu do Resgate, Diego Barbosa, Fabinho Filé, Fidel Faria, Igor Faraco, João Miguel, Luciano Santos, Márcia Valentim, Marcos Rangel, Maurício Lopes, Paulinho Nogueira, Amurim, Érica Marra",video-9WnNBpuIIa0-ytranscript.txt,https://www.youtube.com/watch?v=9WnNBpuIIa0
2025-04-14,083/2025,Cacau Repórter,Dispõe sobre a,Encaminhado para Comissão,N/A,Chamada não identificada,video-Xx4rK1E4rqI-ytranscript.txt,https://www.youtube.com/watch?v=Xx4rK1E4rqI
2025-04-15,083/2025,Diego Barbosa,Dispõe sobre d,Aprovado (Votação Simbólica),N/A,"Amanda, Bruninho Almeida, Cacau Repórter, Caio Perfister, Calé, Dudu do Resgate, Diego Barbosa, Fabinho Filé, Fidel Faria, Igor Faraco, João Miguel, Luciano Santos, Márcia Valentim, Marcos Rangel, Maurício Lopes, Paulinho Nogueira, Amurim",video-GWiUIy5IE0Q-ytranscript.txt,https://www.youtube.com/watch?v=GWiUIy5IE0Q
2025-04-14,084/2025,Amanda,Dispõe sobre a,Encaminhado para Comissão,N/A,Chamada não identificada,video-Xx4rK1E4rqI-ytranscript.txt,https://www.youtube.com/watch?v=Xx4rK1E4rqI
2025-04-15,084/2025,Diego Barbosa,Dispõe sobre d,Aprovado (Votação Simbólica),N/A,"Amanda, Bruninho Almeida, Cacau Repórter, Caio Perfister, Calé, Dudu do Resgate, Diego Barbosa, Fabinho Filé, Fidel Faria, Igor Faraco, João Miguel, Luciano Santos, Márcia Valentim, Marcos Rangel, Maurício Lopes, Paulinho Nogueira, Amurim",video-GWiUIy5IE0Q-ytranscript.txt,https://www.youtube.com/watch?v=GWiUIy5IE0Q
2025-05-06,085/2025,Amanda,Autoriza o,Encaminhado para Comissão,N/A,Chamada não identificada,video-fAJP0gixuE0-ytranscript.txt,https://www.youtube.com/watch?v=fAJP0gixuE0
2025-04-14,086/2025,Autor não identificado,Ementa não identificada,Em Discussão,N/A,Chamada não identificada,video-Xx4rK1E4rqI-ytranscript.txt,https://www.youtube.com/watch?v=Xx4rK1E4rqI
2025-05-06,086/2025,Cacau Repórter,Dispõe sobre a,Não identificado,N/A,Chamada não identificada,video-fAJP0gixuE0-ytranscript.txt,https://www.youtube.com/watch?v=fAJP0gixuE0
2025-06-12,087/2025,Diego Barbosa,Dispõe sobre a,Não identificado,N/A,"Amanda, André do Gás, Bruninho Almeida, Cacau Repórter, Calé, Dudu do Resgate, Diego Barbosa, Fabinho Filé, Fidel Faria, Igor Faraco, João Miguel, Luciano Santos, Márcia Valentim, Marcos Rangel, Maurício Lopes, Paulinho Nogueira, Amurim, Érica Marra",video-9WnNBpuIIa0-ytranscript.txt,https://www.youtube.com/watch?v=9WnNBpuIIa0
2025-06-24,087/2025,Diego Barbosa,Dispõe sobre a,Não identificado,N/A,"Amanda, Bruninho Almeida, Cacau Repórter, Caio Perfister, Calé, Dudu do Resgate, Diego Barbosa, Fabinho Filé, Fidel Faria, Igor Faraco, João Miguel, Luciano Santos, Marcos Rangel, Maurício Lopes, Paulinho Nogueira, Amurim",video-TgmiFJBXdpU-ytranscript.txt,https://www.youtube.com/watch?v=TgmiFJBXdpU
2024-04-05,088/2025,Diego Barbosa,Dispõe sobre a,Em Discussão,N/A,"Amanda, André do Gás, Bruninho Almeida, Cacau Repórter, Caio Perfister, Calé, Dudu do Resgate, Diego Barbosa, Fabinho Filé, Fidel Faria, Igor Faraco, João Miguel, Luciano Santos, Marcos Rangel, Maurício Lopes, Paulinho Nogueira, Amurim, Érica Marra",video-cXHvCEWqVIU-ytranscript.txt,https://www.youtube.com/watch?v=cXHvCEWqVIU
2025-04-15,088/2025,Diego Barbosa,Dispõe sobre d,Aprovado (Votação Simbólica),N/A,"Amanda, Bruninho Almeida, Cacau Repórter, Caio Perfister, Calé, Dudu do Resgate, Diego Barbosa, Fabinho Filé, Fidel Faria, Igor Faraco, João Miguel, Luciano Santos, Márcia Valentim, Marcos Rangel, Maurício Lopes, Paulinho Nogueira, Amurim",video-GWiUIy5IE0Q-ytranscript.txt,https://www.youtube.com/watch?v=GWiUIy5IE0Q
2024-04-05,089/2025,Dudu do Resgate,Institui o,Em Discussão,N/A,"Amanda, André do Gás, Bruninho Almeida, Cacau Repórter, Caio Perfister, Calé, Dudu do Resgate, Diego Barbosa, Fabinho Filé, Fidel Faria, Igor Faraco, João Miguel, Luciano Santos, Marcos Rangel, Maurício Lopes, Paulinho Nogueira, Amurim, Érica Marra",video-cXHvCEWqVIU-ytranscript.txt,https://www.youtube.com/watch?v=cXHvCEWqVIU
2025-04-15,089/2025,Dudo Resgate,Institui o,Aprovado (Votação Simbólica),N/A,"Amanda, Bruninho Almeida, Cacau Repórter, Caio Perfister, Calé, Dudu do Resgate, Diego Barbosa, Fabinho Filé, Fidel Faria, Igor Faraco, João Miguel, Luciano Santos, Márcia Valentim, Marcos Rangel, Maurício Lopes, Paulinho Nogueira, Amurim",video-GWiUIy5IE0Q-ytranscript.txt,https://www.youtube.com/watch?v=GWiUIy5IE0Q
2025-05-13,089/2025,Dudu do Resgate,Institui o,Não identificado,N/A,Chamada não identificada,video-63boyEcTKDM-ytranscript.txt,https://www.youtube.com/watch?v=63boyEcTKDM
2024-04-05,090/2025,Érica Marra,Dispõe sobre d,Não identificado,N/A,"Amanda, André do Gás, Bruninho Almeida, Cacau Repórter, Caio Perfister, Calé, Dudu do Resgate, Diego Barbosa, Fabinho Filé, Fidel Faria, Igor Faraco, João Miguel, Luciano Santos, Marcos Rangel, Maurício Lopes, Paulinho Nogueira, Amurim, Érica Marra",video-cXHvCEWqVIU-ytranscript.txt,https://www.youtube.com/watch?v=cXHvCEWqVIU
2025-05-13,090/2025,Luciano Santos,Institui o,Não identificado,N/A,Chamada não identificada,video-63boyEcTKDM-ytranscript.txt,https://www.youtube.com/watch?v=63boyEcTKDM
2025-06-24,092/2025,Paulinho Nogueira,Dispõe sobre a,Não identificado,N/A,"Amanda, Bruninho Almeida, Cacau Repórter, Caio Perfister, Calé, Dudu do Resgate, Diego Barbosa, Fabinho Filé, Fidel Faria, Igor Faraco, João Miguel, Luciano Santos, Marcos Rangel, Maurício Lopes, Paulinho Nogueira, Amurim",video-TgmiFJBXdpU-ytranscript.txt,https://www.youtube.com/watch?v=TgmiFJBXdpU
2024-04-05,096/2025,Diego Barbosa,Dispõe sobre d,Em Discussão,N/A,"Amanda, André do Gás, Bruninho Almeida, Cacau Repórter, Caio Perfister, Calé, Dudu do Resgate, Diego Barbosa, Fabinho Filé, Fidel Faria, Igor Faraco, João Miguel, Luciano Santos, Marcos Rangel, Maurício Lopes, Paulinho Nogueira, Amurim, Érica Marra",video-cXHvCEWqVIU-ytranscript.txt,https://www.youtube.com/watch?v=cXHvCEWqVIU
2024-04-05,097/2025,professor Amanda,Institui o,Em Discussão,N/A,"Amanda, André do Gás, Bruninho Almeida, Cacau Repórter, Caio Perfister, Calé, Dudu do Resgate, Diego Barbosa, Fabinho Filé, Fidel Faria, Igor Faraco, João Miguel, Luciano Santos, Marcos Rangel, Maurício Lopes, Paulinho Nogueira, Amurim, Érica Marra",video-cXHvCEWqVIU-ytranscript.txt,https://www.youtube.com/watch?v=cXHvCEWqVIU
2025-04-15,097/2025,Luciano Santos,Institui o,Aprovado (Votação Simbólica),N/A,"Amanda, Bruninho Almeida, Cacau Repórter, Caio Perfister, Calé, Dudu do Resgate, Diego Barbosa, Fabinho Filé, Fidel Faria, Igor Faraco, João Miguel, Luciano Santos, Márcia Valentim, Marcos Rangel, Maurício Lopes, Paulinho Nogueira, Amurim",video-GWiUIy5IE0Q-ytranscript.txt,https://www.youtube.com/watch?v=GWiUIy5IE0Q
2025-05-13,097/2025,Luciano Santos,Institui o,Não identificado,N/A,Chamada não identificada,video-63boyEcTKDM-ytranscript.txt,https://www.youtube.com/watch?v=63boyEcTKDM
2025-06-12,098/2025,André do Gás e Amanda,Dispõe sobre a,Não identificado,N/A,"Amanda, André do Gás, Bruninho Almeida, Cacau Repórter, Calé, Dudu do Resgate, Diego Barbosa, Fabinho Filé, Fidel Faria, Igor Faraco, João Miguel, Luciano Santos, Márcia Valentim, Marcos Rangel, Maurício Lopes, Paulinho Nogueira, Amurim, Érica Marra",video-9WnNBpuIIa0-ytranscript.txt,https://www.youtube.com/watch?v=9WnNBpuIIa0
2025-03-08,10/2021,Dudu do Resgate,Dispõe sobre a,Em Discussão,N/A,"Amanda, André do Gás, Cacau Repórter, Caio Perfister, Calé, Dudu do Resgate, Fabinho Filé, Fidel Faria, Igor Faraco, João Miguel, Luciano Santos, Márcia Valentim, Marcos Rangel, Maurício Lopes, Paulinho Nogueira, Amurim",video-KOFfnMQI7aA-ytranscript.txt,https://www.youtube.com/watch?v=KOFfnMQI7aA
2025-05-27,103/2025,Diego Barbosa,Dispõe sobre d,Encaminhado para Comissão,N/A,"Amanda, Calé, Dudu do Resgate, Diego Barbosa, Fabinho Filé, Fidel Faria, Igor Faraco, João Miguel, Marcos Rangel, Maurício Lopes, Paulinho Nogueira, Amurim, Érica Marra",video-6AoJ7m12pY0-ytranscript.txt,https://www.youtube.com/watch?v=6AoJ7m12pY0
2025-05-29,103/2025,Diego Barbosa,Dispõe sobre d,Não identificado,N/A,"Amanda, André do Gás, Bruninho Almeida, Cacau Repórter, Caio Perfister, Calé, Dudu do Resgate, Diego Barbosa, Fabinho Filé, Fidel Faria, Igor Faraco, João Miguel, Luciano Santos, Márcia Valentim, Marcos Rangel, Maurício Lopes, Paulinho Nogueira, Amurim",video-NERWij9Cmqg-ytranscript.txt,https://www.youtube.com/watch?v=NERWij9Cmqg
2025-06-12,103/2025,Diego Barbosa,Dispõe sobre d,Não identificado,N/A,"Amanda, André do Gás, Bruninho Almeida, Cacau Repórter, Calé, Dudu do Resgate, Diego Barbosa, Fabinho Filé, Fidel Faria, Igor Faraco, João Miguel, Luciano Santos, Márcia Valentim, Marcos Rangel, Maurício Lopes, Paulinho Nogueira, Amurim, Érica Marra",video-9WnNBpuIIa0-ytranscript.txt,https://www.youtube.com/watch?v=9WnNBpuIIa0
2025-05-27,104/2025,Diego Barbosa,Dispõe sobre d,Encaminhado para Comissão,N/A,"Amanda, Calé, Dudu do Resgate, Diego Barbosa, Fabinho Filé, Fidel Faria, Igor Faraco, João Miguel, Marcos Rangel, Maurício Lopes, Paulinho Nogueira, Amurim, Érica Marra",video-6AoJ7m12pY0-ytranscript.txt,https://www.youtube.com/watch?v=6AoJ7m12pY0
2025-05-29,104/2025,Diego Barbosa,Dispõe sobre d,Aprovado (Votação Simbólica),N/A,"Amanda, André do Gás, Bruninho Almeida, Cacau Repórter, Caio Perfister, Calé, Dudu do Resgate, Diego Barbosa, Fabinho Filé, Fidel Faria, Igor Faraco, João Miguel, Luciano Santos, Márcia Valentim, Marcos Rangel, Maurício Lopes, Paulinho Nogueira, Amurim",video-NERWij9Cmqg-ytranscript.txt,https://www.youtube.com/watch?v=NERWij9Cmqg
2025-05-27,106/2025,Márcia Valentim,Dispõe sobre d,Encaminhado para Comissão,N/A,"Amanda, Calé, Dudu do Resgate, Diego Barbosa, Fabinho Filé, Fidel Faria, Igor Faraco, João Miguel, Marcos Rangel, Maurício Lopes, Paulinho Nogueira, Amurim, Érica Marra",video-6AoJ7m12pY0-ytranscript.txt,https://www.youtube.com/watch?v=6AoJ7m12pY0
2025-06-24,106/2025,Luciano Santos,Dispõe sobre a,Não identificado,N/A,"Amanda, Bruninho Almeida, Cacau Repórter, Caio Perfister, Calé, Dudu do Resgate, Diego Barbosa, Fabinho Filé, Fidel Faria, Igor Faraco, João Miguel, Luciano Santos, Marcos Rangel, Maurício Lopes, Paulinho Nogueira, Amurim",video-TgmiFJBXdpU-ytranscript.txt,https://www.youtube.com/watch?v=TgmiFJBXdpU
2025-05-27,107/2025,Márcia Valentim,Dispõe sobre p,Não identificado,N/A,"Amanda, Calé, Dudu do Resgate, Diego Barbosa, Fabinho Filé, Fidel Faria, Igor Faraco, João Miguel, Marcos Rangel, Maurício Lopes, Paulinho Nogueira, Amurim, Érica Marra",video-6AoJ7m12pY0-ytranscript.txt,https://www.youtube.com/watch?v=6AoJ7m12pY0
2025-06-24,107/2025,Luciano Santos,Dispõe sobre a,Não identificado,N/A,"Amanda, Bruninho Almeida, Cacau Repórter, Caio Perfister, Calé, Dudu do Resgate, Diego Barbosa, Fabinho Filé, Fidel Faria, Igor Faraco, João Miguel, Luciano Santos, Marcos Rangel, Maurício Lopes, Paulinho Nogueira, Amurim",video-TgmiFJBXdpU-ytranscript.txt,https://www.youtube.com/watch?v=TgmiFJBXdpU
2025-06-24,108/2025,Paulinho Nogueira,Dispõe sobre a,Não identificado,N/A,"Amanda, Bruninho Almeida, Cacau Repórter, Caio Perfister, Calé, Dudu do Resgate, Diego Barbosa, Fabinho Filé, Fidel Faria, Igor Faraco, João Miguel, Luciano Santos, Marcos Rangel, Maurício Lopes, Paulinho Nogueira, Amurim",video-TgmiFJBXdpU-ytranscript.txt,https://www.youtube.com/watch?v=TgmiFJBXdpU
2025-06-12,109/2025,Cacau Repórter,Dispõe sobre p,Não identificado,N/A,"Amanda, André do Gás, Bruninho Almeida, Cacau Repórter, Calé, Dudu do Resgate, Diego Barbosa, Fabinho Filé, Fidel Faria, Igor Faraco, João Miguel, Luciano Santos, Márcia Valentim, Marcos Rangel, Maurício Lopes, Paulinho Nogueira, Amurim, Érica Marra",video-9WnNBpuIIa0-ytranscript.txt,https://www.youtube.com/watch?v=9WnNBpuIIa0
2025-06-12,111/2025,Cacau Repórter,Dispõe sobre a,Não identificado,N/A,"Amanda, André do Gás, Bruninho Almeida, Cacau Repórter, Calé, Dudu do Resgate, Diego Barbosa, Fabinho Filé, Fidel Faria, Igor Faraco, João Miguel, Luciano Santos, Márcia Valentim, Marcos Rangel, Maurício Lopes, Paulinho Nogueira, Amurim, Érica Marra",video-9WnNBpuIIa0-ytranscript.txt,https://www.youtube.com/watch?v=9WnNBpuIIa0
2025-05-29,112/2025,Sandrinho,Dispõe sobre a,Aprovado (Votação Simbólica),N/A,"Amanda, André do Gás, Bruninho Almeida, Cacau Repórter, Caio Perfister, Calé, Dudu do Resgate, Diego Barbosa, Fabinho Filé, Fidel Faria, Igor Faraco, João Miguel, Luciano Santos, Márcia Valentim, Marcos Rangel, Maurício Lopes, Paulinho Nogueira, Amurim",video-NERWij9Cmqg-ytranscript.txt,https://www.youtube.com/watch?v=NERWij9Cmqg
2025-06-12,112/2025,Érica Marra,Dispõe sobre a,Não identificado,N/A,"Amanda, André do Gás, Bruninho Almeida, Cacau Repórter, Calé, Dudu do Resgate, Diego Barbosa, Fabinho Filé, Fidel Faria, Igor Faraco, João Miguel, Luciano Santos, Márcia Valentim, Marcos Rangel, Maurício Lopes, Paulinho Nogueira, Amurim, Érica Marra",video-9WnNBpuIIa0-ytranscript.txt,https://www.youtube.com/watch?v=9WnNBpuIIa0
2025-05-13,113/2025,Cacau Repórter,Dispõe sobre a,Encaminhado para Comissão,N/A,Chamada não identificada,video-63boyEcTKDM-ytranscript.txt,https://www.youtube.com/watch?v=63boyEcTKDM
2025-06-12,113/2025,Diego Barbosa,Dispõe sobre a,Não identificado,N/A,"Amanda, André do Gás, Bruninho Almeida, Cacau Repórter, Calé, Dudu do Resgate, Diego Barbosa, Fabinho Filé, Fidel Faria, Igor Faraco, João Miguel, Luciano Santos, Márcia Valentim, Marcos Rangel, Maurício Lopes, Paulinho Nogueira, Amurim, Érica Marra",video-9WnNBpuIIa0-ytranscript.txt,https://www.youtube.com/watch?v=9WnNBpuIIa0
2025-06-12,114/2025,Cacau Repórter,Dispõe sobre a,Não identificado,N/A,"Amanda, André do Gás, Bruninho Almeida, Cacau Repórter, Calé, Dudu do Resgate, Diego Barbosa, Fabinho Filé, Fidel Faria, Igor Faraco, João Miguel, Luciano Santos, Márcia Valentim, Marcos Rangel, Maurício Lopes, Paulinho Nogueira, Amurim, Érica Marra",video-9WnNBpuIIa0-ytranscript.txt,https://www.youtube.com/watch?v=9WnNBpuIIa0
2024-04-05,116/2025,Cacau Repórter,Dispõe sobre a,Não identificado,N/A,"Amanda, André do Gás, Bruninho Almeida, Cacau Repórter, Caio Perfister, Calé, Dudu do Resgate, Diego Barbosa, Fabinho Filé, Fidel Faria, Igor Faraco, João Miguel, Luciano Santos, Marcos Rangel, Maurício Lopes, Paulinho Nogueira, Amurim, Érica Marra",video-cXHvCEWqVIU-ytranscript.txt,https://www.youtube.com/watch?v=cXHvCEWqVIU
2025-06-12,116/2025,Cacau Repórter,Dispõe sobre a,Não identificado,N/A,"Amanda, André do Gás, Bruninho Almeida, Cacau Repórter, Calé, Dudu do Resgate, Diego Barbosa, Fabinho Filé, Fidel Faria, Igor Faraco, João Miguel, Luciano Santos, Márcia Valentim, Marcos Rangel, Maurício Lopes, Paulinho Nogueira, Amurim, Érica Marra",video-9WnNBpuIIa0-ytranscript.txt,https://www.youtube.com/watch?v=9WnNBpuIIa0
2024-04-05,117/2025,Cacau Repórter,Dispõe sobre a,Encaminhado para Comissão,N/A,"Amanda, André do Gás, Bruninho Almeida, Cacau Repórter, Caio Perfister, Calé, Dudu do Resgate, Diego Barbosa, Fabinho Filé, Fidel Faria, Igor Faraco, João Miguel, Luciano Santos, Marcos Rangel, Maurício Lopes, Paulinho Nogueira, Amurim, Érica Marra",video-cXHvCEWqVIU-ytranscript.txt,https://www.youtube.com/watch?v=cXHvCEWqVIU
2025-04-15,117/2025,Cacau Repórter,Dispõe sobre a,Não identificado,N/A,"Amanda, Bruninho Almeida, Cacau Repórter, Caio Perfister, Calé, Dudu do Resgate, Diego Barbosa, Fabinho Filé, Fidel Faria, Igor Faraco, João Miguel, Luciano Santos, Márcia Valentim, Marcos Rangel, Maurício Lopes, Paulinho Nogueira, Amurim",video-GWiUIy5IE0Q-ytranscript.txt,https://www.youtube.com/watch?v=GWiUIy5IE0Q
2024-04-05,118/2025,Diego Barbosa,Dispõe sobre a,Encaminhado para Comissão,N/A,"Amanda, André do Gás, Bruninho Almeida, Cacau Repórter, Caio Perfister, Calé, Dudu do Resgate, Diego Barbosa, Fabinho Filé, Fidel Faria, Igor Faraco, João Miguel, Luciano Santos, Marcos Rangel, Maurício Lopes, Paulinho Nogueira, Amurim, Érica Marra",video-cXHvCEWqVIU-ytranscript.txt,https://www.youtube.com/watch?v=cXHvCEWqVIU
2025-06-12,118/2025,Diego Barbosa,Dispõe sobre a,Não identificado,N/A,"Amanda, André do Gás, Bruninho Almeida, Cacau Repórter, Calé, Dudu do Resgate, Diego Barbosa, Fabinho Filé, Fidel Faria, Igor Faraco, João Miguel, Luciano Santos, Márcia Valentim, Marcos Rangel, Maurício Lopes, Paulinho Nogueira, Amurim, Érica Marra",video-9WnNBpuIIa0-ytranscript.txt,https://www.youtube.com/watch?v=9WnNBpuIIa0
2025-03-08,12/2025,Dudu do Resgate,Dispõe sobre a,Em Discussão,N/A,"Amanda, André do Gás, Cacau Repórter, Caio Perfister, Calé, Dudu do Resgate, Fabinho Filé, Fidel Faria, Igor Faraco, João Miguel, Luciano Santos, Márcia Valentim, Marcos Rangel, Maurício Lopes, Paulinho Nogueira, Amurim",video-KOFfnMQI7aA-ytranscript.txt,https://www.youtube.com/watch?v=KOFfnMQI7aA
2025-05-13,120/2025,Amanda,Dispõe sobre a,Não identificado,N/A,Chamada não identificada,video-63boyEcTKDM-ytranscript.txt,https://www.youtube.com/watch?v=63boyEcTKDM
2025-06-12,120/2025,Amanda,Dispõe sobre a,Não identificado,N/A,"Amanda, André do Gás, Bruninho Almeida, Cacau Repórter, Calé, Dudu do Resgate, Diego Barbosa, Fabinho Filé, Fidel Faria, Igor Faraco, João Miguel, Luciano Santos, Márcia Valentim, Marcos Rangel, Maurício Lopes, Paulinho Nogueira, Amurim, Érica Marra",video-9WnNBpuIIa0-ytranscript.txt,https://www.youtube.com/watch?v=9WnNBpuIIa0
2025-06-12,122/2025,Diego Barbosa,Dispõe sobre c,Não identificado,N/A,"Amanda, André do Gás, Bruninho Almeida, Cacau Repórter, Calé, Dudu do Resgate, Diego Barbosa, Fabinho Filé, Fidel Faria, Igor Faraco, João Miguel, Luciano Santos, Márcia Valentim, Marcos Rangel, Maurício Lopes, Paulinho Nogueira, Amurim, Érica Marra",video-9WnNBpuIIa0-ytranscript.txt,https://www.youtube.com/watch?v=9WnNBpuIIa0
2025-06-12,123/2025,Diego Barbosa,Dispõe sobre c,Não identificado,N/A,"Amanda, André do Gás, Bruninho Almeida, Cacau Repórter, Calé, Dudu do Resgate, Diego Barbosa, Fabinho Filé, Fidel Faria, Igor Faraco, João Miguel, Luciano Santos, Márcia Valentim, Marcos Rangel, Maurício Lopes, Paulinho Nogueira, Amurim, Érica Marra",video-9WnNBpuIIa0-ytranscript.txt,https://www.youtube.com/watch?v=9WnNBpuIIa0
2025-06-24,123/2025,Paulinho Nogueira,Dispõe sobre a,Não identificado,N/A,"Amanda, Bruninho Almeida, Cacau Repórter, Caio Perfister, Calé, Dudu do Resgate, Diego Barbosa, Fabinho Filé, Fidel Faria, Igor Faraco, João Miguel, Luciano Santos, Marcos Rangel, Maurício Lopes, Paulinho Nogueira, Amurim",video-TgmiFJBXdpU-ytranscript.txt,https://www.youtube.com/watch?v=TgmiFJBXdpU
2025-06-05,124/2025,Cacau Repórter,Dispõe sobre a,Não identificado,N/A,Chamada não identificada,video-UcelumXPU2U-ytranscript.txt,https://www.youtube.com/watch?v=UcelumXPU2U
2025-10-14,124/2025,Amanda,Dispõe sobre a,Não identificado,N/A,"Amanda, André do Gás, Bruninho Almeida, Cacau Repórter, Caio Perfister, Calé, Dudu do Resgate, Diego Barbosa, Fabinho Filé, Fidel Faria, Igor Faraco, João Miguel, Luciano Santos, Marcos Rangel, Maurício Lopes, Paulinho Nogueira, Amurim, Sandrinho, Totó, Totó Online",Sessão da Câmara de Teresópolis - 14 - 10 - 2025 (ytranscript.app).txt,https://www.youtube.com/watch?v=KFnG553dDHU
2025-10-16,124/2025,Amanda,Dispõe sobre a,Não identificado,N/A,"Amanda, André do Gás, Bruninho Almeida, Cacau Repórter, Calé, Dudu do Resgate, Diego Barbosa, Fabinho Filé, Fidel Faria, Igor Faraco, João Miguel, Luciano Santos, Márcia Valentim, Marcos Rangel, Maurício Lopes, Sandrinho",Sessão da Câmara de Teresópolis - 16 - 10 - 2025 (ytranscript.app).txt,https://www.youtube.com/watch?v=rL5qLDemuZo
2024-04-05,126/2025,Márcia Valentim,Dispõe sobre a,Encaminhado para Comissão,N/A,"Amanda, André do Gás, Bruninho Almeida, Cacau Repórter, Caio Perfister, Calé, Dudu do Resgate, Diego Barbosa, Fabinho Filé, Fidel Faria, Igor Faraco, João Miguel, Luciano Santos, Marcos Rangel, Maurício Lopes, Paulinho Nogueira, Amurim, Érica Marra",video-cXHvCEWqVIU-ytranscript.txt,https://www.youtube.com/watch?v=cXHvCEWqVIU
2024-04-05,127/2025,Marcos Rangel,Dispõe sobre a,Encaminhado para Comissão,N/A,"Amanda, André do Gás, Bruninho Almeida, Cacau Repórter, Caio Perfister, Calé, Dudu do Resgate, Diego Barbosa, Fabinho Filé, Fidel Faria, Igor Faraco, João Miguel, Luciano Santos, Marcos Rangel, Maurício Lopes, Paulinho Nogueira, Amurim, Érica Marra",video-cXHvCEWqVIU-ytranscript.txt,https://www.youtube.com/watch?v=cXHvCEWqVIU
2025-06-24,127/2025,Paulinho Nogueira,Dispõe sobre a,Não identificado,N/A,"Amanda, Bruninho Almeida, Cacau Repórter, Caio Perfister, Calé, Dudu do Resgate, Diego Barbosa, Fabinho Filé, Fidel Faria, Igor Faraco, João Miguel, Luciano Santos, Marcos Rangel, Maurício Lopes, Paulinho Nogueira, Amurim",video-TgmiFJBXdpU-ytranscript.txt,https://www.youtube.com/watch?v=TgmiFJBXdpU
2024-04-05,128/2025,Luciano Santos,Dispõe sobre a,Encaminhado para Comissão,N/A,"Amanda, André do Gás, Bruninho Almeida, Cacau Repórter, Caio Perfister, Calé, Dudu do Resgate, Diego Barbosa, Fabinho Filé, Fidel Faria, Igor Faraco, João Miguel, Luciano Santos, Marcos Rangel, Maurício Lopes, Paulinho Nogueira, Amurim, Érica Marra",video-cXHvCEWqVIU-ytranscript.txt,https://www.youtube.com/watch?v=cXHvCEWqVIU
2025-05-29,129/2025,Cacau Repórter,Dispõe sobre o,Aprovado (Votação Simbólica),N/A,"Amanda, André do Gás, Bruninho Almeida, Cacau Repórter, Caio Perfister, Calé, Dudu do Resgate, Diego Barbosa, Fabinho Filé, Fidel Faria, Igor Faraco, João Miguel, Luciano Santos, Márcia Valentim, Marcos Rangel, Maurício Lopes, Paulinho Nogueira, Amurim",video-NERWij9Cmqg-ytranscript.txt,https://www.youtube.com/watch?v=NERWij9Cmqg
2025-06-12,129/2025,Cacau Repórter,Dispõe sobre a,Aprovado (Votação Simbólica),N/A,"Amanda, André do Gás, Bruninho Almeida, Cacau Repórter, Calé, Dudu do Resgate, Diego Barbosa, Fabinho Filé, Fidel Faria, Igor Faraco, João Miguel, Luciano Santos, Márcia Valentim, Marcos Rangel, Maurício Lopes, Paulinho Nogueira, Amurim, Érica Marra",video-9WnNBpuIIa0-ytranscript.txt,https://www.youtube.com/watch?v=9WnNBpuIIa0
2025-04-15,130/2025,Érica Marra,Dispõe sobre a,Não identificado,N/A,"Amanda, Bruninho Almeida, Cacau Repórter, Caio Perfister, Calé, Dudu do Resgate, Diego Barbosa, Fabinho Filé, Fidel Faria, Igor Faraco, João Miguel, Luciano Santos, Márcia Valentim, Marcos Rangel, Maurício Lopes, Paulinho Nogueira, Amurim",video-GWiUIy5IE0Q-ytranscript.txt,https://www.youtube.com/watch?v=GWiUIy5IE0Q
2025-04-15,131/2025,Érica Marra,Dispõe sobre o,Não identificado,N/A,"Amanda, Bruninho Almeida, Cacau Repórter, Caio Perfister, Calé, Dudu do Resgate, Diego Barbosa, Fabinho Filé, Fidel Faria, Igor Faraco, João Miguel, Luciano Santos, Márcia Valentim, Marcos Rangel, Maurício Lopes, Paulinho Nogueira, Amurim",video-GWiUIy5IE0Q-ytranscript.txt,https://www.youtube.com/watch?v=GWiUIy5IE0Q
2025-04-15,132/2025,Luciano Santos,Dispõe sobre o,Não identificado,N/A,"Amanda, Bruninho Almeida, Cacau Repórter, Caio Perfister, Calé, Dudu do Resgate, Diego Barbosa, Fabinho Filé, Fidel Faria, Igor Faraco, João Miguel, Luciano Santos, Márcia Valentim, Marcos Rangel, Maurício Lopes, Paulinho Nogueira, Amurim",video-GWiUIy5IE0Q-ytranscript.txt,https://www.youtube.com/watch?v=GWiUIy5IE0Q
2025-04-15,133/2025,Luciano Santos,Dispõe sobre o,Não identificado,N/A,"Amanda, Bruninho Almeida, Cacau Repórter, Caio Perfister, Calé, Dudu do Resgate, Diego Barbosa, Fabinho Filé, Fidel Faria, Igor Faraco, João Miguel, Luciano Santos, Márcia Valentim, Marcos Rangel, Maurício Lopes, Paulinho Nogueira, Amurim",video-GWiUIy5IE0Q-ytranscript.txt,https://www.youtube.com/watch?v=GWiUIy5IE0Q
2025-06-12,134/2025,Érica Marra,Dispõe sobre o,Não identificado,N/A,"Amanda, André do Gás, Bruninho Almeida, Cacau Repórter, Calé, Dudu do Resgate, Diego Barbosa, Fabinho Filé, Fidel Faria, Igor Faraco, João Miguel, Luciano Santos, Márcia Valentim, Marcos Rangel, Maurício Lopes, Paulinho Nogueira, Amurim, Érica Marra",video-9WnNBpuIIa0-ytranscript.txt,https://www.youtube.com/watch?v=9WnNBpuIIa0
2025-06-24,134/2025,Caio Perfister,Dispõe sobre o,Não identificado,N/A,"Amanda, Bruninho Almeida, Cacau Repórter, Caio Perfister, Calé, Dudu do Resgate, Diego Barbosa, Fabinho Filé, Fidel Faria, Igor Faraco, João Miguel, Luciano Santos, Marcos Rangel, Maurício Lopes, Paulinho Nogueira, Amurim",video-TgmiFJBXdpU-ytranscript.txt,https://www.youtube.com/watch?v=TgmiFJBXdpU
2025-06-05,135/2025,Diego Barbosa,Dispõe sobre d,Não identificado,N/A,Chamada não identificada,video-UcelumXPU2U-ytranscript.txt,https://www.youtube.com/watch?v=UcelumXPU2U
2025-06-24,135/2025,Caio Perfister,Dispõe sobre p,Não identificado,N/A,"Amanda, Bruninho Almeida, Cacau Repórter, Caio Perfister, Calé, Dudu do Resgate, Diego Barbosa, Fabinho Filé, Fidel Faria, Igor Faraco, João Miguel, Luciano Santos, Marcos Rangel, Maurício Lopes, Paulinho Nogueira, Amurim",video-TgmiFJBXdpU-ytranscript.txt,https://www.youtube.com/watch?v=TgmiFJBXdpU
2025-04-15,136/2025,Amanda,Dispõe sobre a,Não identificado,N/A,"Amanda, Bruninho Almeida, Cacau Repórter, Caio Perfister, Calé, Dudu do Resgate, Diego Barbosa, Fabinho Filé, Fidel Faria, Igor Faraco, João Miguel, Luciano Santos, Márcia Valentim, Marcos Rangel, Maurício Lopes, Paulinho Nogueira, Amurim",video-GWiUIy5IE0Q-ytranscript.txt,https://www.youtube.com/watch?v=GWiUIy5IE0Q
2025-10-14,136/2025,Amanda,Dispõe sobre a,Não identificado,N/A,"Amanda, André do Gás, Bruninho Almeida, Cacau Repórter, Caio Perfister, Calé, Dudu do Resgate, Diego Barbosa, Fabinho Filé, Fidel Faria, Igor Faraco, João Miguel, Luciano Santos, Marcos Rangel, Maurício Lopes, Paulinho Nogueira, Amurim, Sandrinho, Totó, Totó Online",Sessão da Câmara de Teresópolis - 14 - 10 - 2025 (ytranscript.app).txt,https://www.youtube.com/watch?v=KFnG553dDHU
2025-10-16,136/2025,Amanda,Dispõe sobre a,Não identificado,N/A,"Amanda, André do Gás, Bruninho Almeida, Cacau Repórter, Calé, Dudu do Resgate, Diego Barbosa, Fabinho Filé, Fidel Faria, Igor Faraco, João Miguel, Luciano Santos, Márcia Valentim, Marcos Rangel, Maurício Lopes, Sandrinho",Sessão da Câmara de Teresópolis - 16 - 10 - 2025 (ytranscript.app).txt,https://www.youtube.com/watch?v=rL5qLDemuZo
2025-10-16,137/2025,Amanda,Dispõe sobre a,Não identificado,N/A,"Amanda, André do Gás, Bruninho Almeida, Cacau Repórter, Calé, Dudu do Resgate, Diego Barbosa, Fabinho Filé, Fidel Faria, Igor Faraco, João Miguel, Luciano Santos, Márcia Valentim, Marcos Rangel, Maurício Lopes, Sandrinho",Sessão da Câmara de Teresópolis - 16 - 10 - 2025 (ytranscript.app).txt,https://www.youtube.com/watch?v=rL5qLDemuZo
2025-05-29,138/2025,Cacau Repórter,Dispõe sobre a,Aprovado (Votação Simbólica),N/A,"Amanda, André do Gás, Bruninho Almeida, Cacau Repórter, Caio Perfister, Calé, Dudu do Resgate, Diego Barbosa, Fabinho Filé, Fidel Faria, Igor Faraco, João Miguel, Luciano Santos, Márcia Valentim, Marcos Rangel, Maurício Lopes, Paulinho Nogueira, Amurim",video-NERWij9Cmqg-ytranscript.txt,https://www.youtube.com/watch?v=NERWij9Cmqg
2025-06-12,138/2025,Cacau Repórter,Dispõe sobre a,Aprovado (Votação Simbólica),N/A,"Amanda, André do Gás, Bruninho Almeida, Cacau Repórter, Calé, Dudu do Resgate, Diego Barbosa, Fabinho Filé, Fidel Faria, Igor Faraco, João Miguel, Luciano Santos, Márcia Valentim, Marcos Rangel, Maurício Lopes, Paulinho Nogueira, Amurim, Érica Marra",video-9WnNBpuIIa0-ytranscript.txt,https://www.youtube.com/watch?v=9WnNBpuIIa0
2025-04-15,139/2025,Cacau Repórter,Dispõe sobre a,Não identificado,N/A,"Amanda, Bruninho Almeida, Cacau Repórter, Caio Perfister, Calé, Dudu do Resgate, Diego Barbosa, Fabinho Filé, Fidel Faria, Igor Faraco, João Miguel, Luciano Santos, Márcia Valentim, Marcos Rangel, Maurício Lopes, Paulinho Nogueira, Amurim",video-GWiUIy5IE0Q-ytranscript.txt,https://www.youtube.com/watch?v=GWiUIy5IE0Q
2025-06-12,139/2025,Cacau Repórter,Dispõe sobre a,Não identificado,N/A,"Amanda, André do Gás, Bruninho Almeida, Cacau Repórter, Calé, Dudu do Resgate, Diego Barbosa, Fabinho Filé, Fidel Faria, Igor Faraco, João Miguel, Luciano Santos, Márcia Valentim, Marcos Rangel, Maurício Lopes, Paulinho Nogueira, Amurim, Érica Marra",video-9WnNBpuIIa0-ytranscript.txt,https://www.youtube.com/watch?v=9WnNBpuIIa0
2025-06-12,141/2025,Diego Barbosa,Dispõe sobre o,Não identificado,N/A,"Amanda, André do Gás, Bruninho Almeida, Cacau Repórter, Calé, Dudu do Resgate, Diego Barbosa, Fabinho Filé, Fidel Faria, Igor Faraco, João Miguel, Luciano Santos, Márcia Valentim, Marcos Rangel, Maurício Lopes, Paulinho Nogueira, Amurim, Érica Marra",video-9WnNBpuIIa0-ytranscript.txt,https://www.youtube.com/watch?v=9WnNBpuIIa0
2025-04-15,142/2025,Luciano Santos,Dispõe sobre o,Não identificado,N/A,"Amanda, Bruninho Almeida, Cacau Repórter, Caio Perfister, Calé, Dudu do Resgate, Diego Barbosa, Fabinho Filé, Fidel Faria, Igor Faraco, João Miguel, Luciano Santos, Márcia Valentim, Marcos Rangel, Maurício Lopes, Paulinho Nogueira, Amurim",video-GWiUIy5IE0Q-ytranscript.txt,https://www.youtube.com/watch?v=GWiUIy5IE0Q
2025-06-12,142/2025,Érica Marra,Dispõe sobre o,Não identificado,N/A,"Amanda, André do Gás, Bruninho Almeida, Cacau Repórter, Calé, Dudu do Resgate, Diego Barbosa, Fabinho Filé, Fidel Faria, Igor Faraco, João Miguel, Luciano Santos, Márcia Valentim, Marcos Rangel, Maurício Lopes, Paulinho Nogueira, Amurim, Érica Marra",video-9WnNBpuIIa0-ytranscript.txt,https://www.youtube.com/watch?v=9WnNBpuIIa0
2025-04-15,143/2025,Luciano Santos,Dispõe sobre a,Não identificado,N/A,"Amanda, Bruninho Almeida, Cacau Repórter, Caio Perfister, Calé, Dudu do Resgate, Diego Barbosa, Fabinho Filé, Fidel Faria, Igor Faraco, João Miguel, Luciano Santos, Márcia Valentim, Marcos Rangel, Maurício Lopes, Paulinho Nogueira, Amurim",video-GWiUIy5IE0Q-ytranscript.txt,https://www.youtube.com/watch?v=GWiUIy5IE0Q
2025-05-29,144/2025,Luciano Santos,Dispõe sobre a,Aprovado (Votação Simbólica),N/A,"Amanda, André do Gás, Bruninho Almeida, Cacau Repórter, Caio Perfister, Calé, Dudu do Resgate, Diego Barbosa, Fabinho Filé, Fidel Faria, Igor Faraco, João Miguel, Luciano Santos, Márcia Valentim, Marcos Rangel, Maurício Lopes, Paulinho Nogueira, Amurim",video-NERWij9Cmqg-ytranscript.txt,https://www.youtube.com/watch?v=NERWij9Cmqg
2025-06-05,145/2025,Luciano Santos,Dispõe sobre o,Não identificado,N/A,Chamada não identificada,video-UcelumXPU2U-ytranscript.txt,https://www.youtube.com/watch?v=UcelumXPU2U
2025-04-15,146/2025,Luciano Santos,Autoriza o,Não identificado,N/A,"Amanda, Bruninho Almeida, Cacau Repórter, Caio Perfister, Calé, Dudu do Resgate, Diego Barbosa, Fabinho Filé, Fidel Faria, Igor Faraco, João Miguel, Luciano Santos, Márcia Valentim, Marcos Rangel, Maurício Lopes, Paulinho Nogueira, Amurim",video-GWiUIy5IE0Q-ytranscript.txt,https://www.youtube.com/watch?v=GWiUIy5IE0Q
2025-05-29,147/2025,Luciano Santos,Dispõe sobre o,Aprovado (Votação Simbólica),N/A,"Amanda, André do Gás, Bruninho Almeida, Cacau Repórter, Caio Perfister, Calé, Dudu do Resgate, Diego Barbosa, Fabinho Filé, Fidel Faria, Igor Faraco, João Miguel, Luciano Santos, Márcia Valentim, Marcos Rangel, Maurício Lopes, Paulinho Nogueira, Amurim",video-NERWij9Cmqg-ytranscript.txt,https://www.youtube.com/watch?v=NERWij9Cmqg
2025-06-12,147/2025,Paulinho Nogueira,Dispõe sobre o,Aprovado (Votação Simbólica),N/A,"Amanda, André do Gás, Bruninho Almeida, Cacau Repórter, Calé, Dudu do Resgate, Diego Barbosa, Fabinho Filé, Fidel Faria, Igor Faraco, João Miguel, Luciano Santos, Márcia Valentim, Marcos Rangel, Maurício Lopes, Paulinho Nogueira, Amurim, Érica Marra",video-9WnNBpuIIa0-ytranscript.txt,https://www.youtube.com/watch?v=9WnNBpuIIa0
2025-04-15,149/2025,Calé,Inclui a,Não identificado,N/A,"Amanda, Bruninho Almeida, Cacau Repórter, Caio Perfister, Calé, Dudu do Resgate, Diego Barbosa, Fabinho Filé, Fidel Faria, Igor Faraco, João Miguel, Luciano Santos, Márcia Valentim, Marcos Rangel, Maurício Lopes, Paulinho Nogueira, Amurim",video-GWiUIy5IE0Q-ytranscript.txt,https://www.youtube.com/watch?v=GWiUIy5IE0Q
2025-04-30,15/2025,Dudo Resgate,Dispõe sobre a,Não identificado,N/A,"Amanda, Cacau Repórter, Calé, Dudu do Resgate, Diego Barbosa, Fabinho Filé, Fidel Faria, Igor Faraco, João Miguel, Luciano Santos, Márcia Valentim, Marcos Rangel, Maurício Lopes, Paulinho Nogueira, Amurim, Érica Marra",video-lRcIU8VZdIM-ytranscript.txt,https://www.youtube.com/watch?v=lRcIU8VZdIM
2025-06-12,151/2025,Cacau Repórter,Dispõe sobre a,Não identificado,N/A,"Amanda, André do Gás, Bruninho Almeida, Cacau Repórter, Calé, Dudu do Resgate, Diego Barbosa, Fabinho Filé, Fidel Faria, Igor Faraco, João Miguel, Luciano Santos, Márcia Valentim, Marcos Rangel, Maurício Lopes, Paulinho Nogueira, Amurim, Érica Marra",video-9WnNBpuIIa0-ytranscript.txt,https://www.youtube.com/watch?v=9WnNBpuIIa0
2025-06-05,152/2025,Diego Barbosa,Dispõe sobre d,Não identificado,N/A,Chamada não identificada,video-UcelumXPU2U-ytranscript.txt,https://www.youtube.com/watch?v=UcelumXPU2U
2025-06-12,152/2025,Diego Barbosa,Dispõe sobre d,Não identificado,N/A,"Amanda, André do Gás, Bruninho Almeida, Cacau Repórter, Calé, Dudu do Resgate, Diego Barbosa, Fabinho Filé, Fidel Faria, Igor Faraco, João Miguel, Luciano Santos, Márcia Valentim, Marcos Rangel, Maurício Lopes, Paulinho Nogueira, Amurim, Érica Marra",video-9WnNBpuIIa0-ytranscript.txt,https://www.youtube.com/watch?v=9WnNBpuIIa0
2025-06-05,153/2025,Diego Barbosa,Dispõe sobre d,Não identificado,N/A,Chamada não identificada,video-UcelumXPU2U-ytranscript.txt,https://www.youtube.com/watch?v=UcelumXPU2U
2025-06-12,154/2025,Dudu do Resgate,Dispõe sobre d,Não identificado,N/A,"Amanda, André do Gás, Bruninho Almeida, Cacau Repórter, Calé, Dudu do Resgate, Diego Barbosa, Fabinho Filé, Fidel Faria, Igor Faraco, João Miguel, Luciano Santos, Márcia Valentim, Marcos Rangel, Maurício Lopes, Paulinho Nogueira, Amurim, Érica Marra",video-9WnNBpuIIa0-ytranscript.txt,https://www.youtube.com/watch?v=9WnNBpuIIa0
2025-06-05,155/2025,Fidel Faria,Dispõe sobre d,Não identificado,N/A,Chamada não identificada,video-UcelumXPU2U-ytranscript.txt,https://www.youtube.com/watch?v=UcelumXPU2U
2025-06-12,156/2025,Amanda,Dispõe sobre a,Não identificado,N/A,"Amanda, André do Gás, Bruninho Almeida, Cacau Repórter, Calé, Dudu do Resgate, Diego Barbosa, Fabinho Filé, Fidel Faria, Igor Faraco, João Miguel, Luciano Santos, Márcia Valentim, Marcos Rangel, Maurício Lopes, Paulinho Nogueira, Amurim, Érica Marra",video-9WnNBpuIIa0-ytranscript.txt,https://www.youtube.com/watch?v=9WnNBpuIIa0
2025-06-05,157/2025,Márcia Valentim,Institui a,Não identificado,N/A,Chamada não identificada,video-UcelumXPU2U-ytranscript.txt,https://www.youtube.com/watch?v=UcelumXPU2U
2025-06-24,157/2025,Paulinho Nogueira,Institui a,Não identificado,N/A,"Amanda, Bruninho Almeida, Cacau Repórter, Caio Perfister, Calé, Dudu do Resgate, Diego Barbosa, Fabinho Filé, Fidel Faria, Igor Faraco, João Miguel, Luciano Santos, Marcos Rangel, Maurício Lopes, Paulinho Nogueira, Amurim",video-TgmiFJBXdpU-ytranscript.txt,https://www.youtube.com/watch?v=TgmiFJBXdpU
2025-06-05,159/2025,Paulinho Nogueira,Dispõe sobre o,Não identificado,N/A,Chamada não identificada,video-UcelumXPU2U-ytranscript.txt,https://www.youtube.com/watch?v=UcelumXPU2U
2025-06-05,160/2025,Amanda,Dispõe sobre o,Não identificado,N/A,Chamada não identificada,video-UcelumXPU2U-ytranscript.txt,https://www.youtube.com/watch?v=UcelumXPU2U
2025-06-05,161/2025,Dudu do Resgate,Dispõe sobre d,Não identificado,N/A,Chamada não identificada,video-UcelumXPU2U-ytranscript.txt,https://www.youtube.com/watch?v=UcelumXPU2U
2025-06-05,162/2025,Amanda,Dispõe sobre o,Não identificado,N/A,Chamada não identificada,video-UcelumXPU2U-ytranscript.txt,https://www.youtube.com/watch?v=UcelumXPU2U
2025-06-12,162/2025,Sandrinho,Dispõe sobre d,Não identificado,N/A,"Amanda, André do Gás, Bruninho Almeida, Cacau Repórter, Calé, Dudu do Resgate, Diego Barbosa, Fabinho Filé, Fidel Faria, Igor Faraco, João Miguel, Luciano Santos, Márcia Valentim, Marcos Rangel, Maurício Lopes, Paulinho Nogueira, Amurim, Érica Marra",video-9WnNBpuIIa0-ytranscript.txt,https://www.youtube.com/watch?v=9WnNBpuIIa0
2025-06-05,163/2025,Fidel Faria,Dispõe sobre o,Não identificado,N/A,Chamada não identificada,video-UcelumXPU2U-ytranscript.txt,https://www.youtube.com/watch?v=UcelumXPU2U
2025-06-12,163/2025,Sandrinho,Dispõe sobre o,Não identificado,N/A,"Amanda, André do Gás, Bruninho Almeida, Cacau Repórter, Calé, Dudu do Resgate, Diego Barbosa, Fabinho Filé, Fidel Faria, Igor Faraco, João Miguel, Luciano Santos, Márcia Valentim, Marcos Rangel, Maurício Lopes, Paulinho Nogueira, Amurim, Érica Marra",video-9WnNBpuIIa0-ytranscript.txt,https://www.youtube.com/watch?v=9WnNBpuIIa0
2025-06-12,164/2025,Sandrinho,Dispõe sobre o,Não identificado,N/A,"Amanda, André do Gás, Bruninho Almeida, Cacau Repórter, Calé, Dudu do Resgate, Diego Barbosa, Fabinho Filé, Fidel Faria, Igor Faraco, João Miguel, Luciano Santos, Márcia Valentim, Marcos Rangel, Maurício Lopes, Paulinho Nogueira, Amurim, Érica Marra",video-9WnNBpuIIa0-ytranscript.txt,https://www.youtube.com/watch?v=9WnNBpuIIa0
2025-06-12,166/2025,Cacau Repórter,Dispõe sobre a,Não identificado,N/A,"Amanda, André do Gás, Bruninho Almeida, Cacau Repórter, Calé, Dudu do Resgate, Diego Barbosa, Fabinho Filé, Fidel Faria, Igor Faraco, João Miguel, Luciano Santos, Márcia Valentim, Marcos Rangel, Maurício Lopes, Paulinho Nogueira, Amurim, Érica Marra",video-9WnNBpuIIa0-ytranscript.txt,https://www.youtube.com/watch?v=9WnNBpuIIa0
2025-06-12,171/2025,Érica Marra,Dispõe sobre o,Não identificado,N/A,"Amanda, André do Gás, Bruninho Almeida, Cacau Repórter, Calé, Dudu do Resgate, Diego Barbosa, Fabinho Filé, Fidel Faria, Igor Faraco, João Miguel, Luciano Santos, Márcia Valentim, Marcos Rangel, Maurício Lopes, Paulinho Nogueira, Amurim, Érica Marra",video-9WnNBpuIIa0-ytranscript.txt,https://www.youtube.com/watch?v=9WnNBpuIIa0
2025-06-12,172/2025,Fidel Faria,Dispõe sobre a,Não identificado,N/A,"Amanda, André do Gás, Bruninho Almeida, Cacau Repórter, Calé, Dudu do Resgate, Diego Barbosa, Fabinho Filé, Fidel Faria, Igor Faraco, João Miguel, Luciano Santos, Márcia Valentim, Marcos Rangel, Maurício Lopes, Paulinho Nogueira, Amurim, Érica Marra",video-9WnNBpuIIa0-ytranscript.txt,https://www.youtube.com/watch?v=9WnNBpuIIa0
2025-06-12,173/2025,Fidel Faria,Dispõe sobre a,Não identificado,N/A,"Amanda, André do Gás, Bruninho Almeida, Cacau Repórter, Calé, Dudu do Resgate, Diego Barbosa, Fabinho Filé, Fidel Faria, Igor Faraco, João Miguel, Luciano Santos, Márcia Valentim, Marcos Rangel, Maurício Lopes, Paulinho Nogueira, Amurim, Érica Marra",video-9WnNBpuIIa0-ytranscript.txt,https://www.youtube.com/watch?v=9WnNBpuIIa0
2025-06-24,177/2025,Paulinho Nogueira,Dispõe sobre a,Não identificado,N/A,"Amanda, Bruninho Almeida, Cacau Repórter, Caio Perfister, Calé, Dudu do Resgate, Diego Barbosa, Fabinho Filé, Fidel Faria, Igor Faraco, João Miguel, Luciano Santos, Marcos Rangel, Maurício Lopes, Paulinho Nogueira, Amurim",video-TgmiFJBXdpU-ytranscript.txt,https://www.youtube.com/watch?v=TgmiFJBXdpU
2025-06-24,184/2025,Érica Marra,Dispõe sobre i,Não identificado,N/A,"Amanda, Bruninho Almeida, Cacau Repórter, Caio Perfister, Calé, Dudu do Resgate, Diego Barbosa, Fabinho Filé, Fidel Faria, Igor Faraco, João Miguel, Luciano Santos, Marcos Rangel, Maurício Lopes, Paulinho Nogueira, Amurim",video-TgmiFJBXdpU-ytranscript.txt,https://www.youtube.com/watch?v=TgmiFJBXdpU
2025-06-24,186/2025,Érica Marra,Dispõe sobre a,Não identificado,N/A,"Amanda, Bruninho Almeida, Cacau Repórter, Caio Perfister, Calé, Dudu do Resgate, Diego Barbosa, Fabinho Filé, Fidel Faria, Igor Faraco, João Miguel, Luciano Santos, Marcos Rangel, Maurício Lopes, Paulinho Nogueira, Amurim",video-TgmiFJBXdpU-ytranscript.txt,https://www.youtube.com/watch?v=TgmiFJBXdpU
2025-06-24,187/2025,Érica Marra,Institui e,Em Discussão,N/A,"Amanda, Bruninho Almeida, Cacau Repórter, Caio Perfister, Calé, Dudu do Resgate, Diego Barbosa, Fabinho Filé, Fidel Faria, Igor Faraco, João Miguel, Luciano Santos, Marcos Rangel, Maurício Lopes, Paulinho Nogueira, Amurim",video-TgmiFJBXdpU-ytranscript.txt,https://www.youtube.com/watch?v=TgmiFJBXdpU
2025-04-03,19/2025,Amanda,Dispõe sobre a,Encaminhado para Comissão,N/A,"Amanda, Bruninho Almeida, Cacau Repórter, Caio Perfister, Calé, Dudu do Resgate, Diego Barbosa, Fabinho Filé, Fidel Faria, Igor Faraco, João Miguel, Marcos Rangel, Maurício Lopes, Paulinho Nogueira, Amurim, Érica Marra",video-_7wAlHRBLSA-ytranscript.txt,https://www.youtube.com/watch?v=_7wAlHRBLSA
2025-06-24,190/2025,Luciano Santos,Dispõe sobre a,Em Discussão,N/A,"Amanda, Bruninho Almeida, Cacau Repórter, Caio Perfister, Calé, Dudu do Resgate, Diego Barbosa, Fabinho Filé, Fidel Faria, Igor Faraco, João Miguel, Luciano Santos, Marcos Rangel, Maurício Lopes, Paulinho Nogueira, Amurim",video-TgmiFJBXdpU-ytranscript.txt,https://www.youtube.com/watch?v=TgmiFJBXdpU
2025-06-24,192/2025,Fidel Faria,Dispõe sobre a,Em Discussão,N/A,"Amanda, Bruninho Almeida, Cacau Repórter, Caio Perfister, Calé, Dudu do Resgate, Diego Barbosa, Fabinho Filé, Fidel Faria, Igor Faraco, João Miguel, Luciano Santos, Marcos Rangel, Maurício Lopes, Paulinho Nogueira, Amurim",video-TgmiFJBXdpU-ytranscript.txt,https://www.youtube.com/watch?v=TgmiFJBXdpU
2025-06-24,194/2025,Fidel Faria,Inclui o,Aprovado (Votação Simbólica),N/A,"Amanda, Bruninho Almeida, Cacau Repórter, Caio Perfister, Calé, Dudu do Resgate, Diego Barbosa, Fabinho Filé, Fidel Faria, Igor Faraco, João Miguel, Luciano Santos, Marcos Rangel, Maurício Lopes, Paulinho Nogueira, Amurim",video-TgmiFJBXdpU-ytranscript.txt,https://www.youtube.com/watch?v=TgmiFJBXdpU
2025-09-04,20/2025,Vitinho Nogueira,Dispõe sobre d,Não identificado,N/A,Chamada não identificada,video-KlVAXPja2jI-ytranscript.txt,N/A
2025-10-14,202/2025,Amanda,Dispõe sobre o,Não identificado,N/A,"Amanda, André do Gás, Bruninho Almeida, Cacau Repórter, Caio Perfister, Calé, Dudu do Resgate, Diego Barbosa, Fabinho Filé, Fidel Faria, Igor Faraco, João Miguel, Luciano Santos, Marcos Rangel, Maurício Lopes, Paulinho Nogueira, Amurim, Sandrinho, Totó, Totó Online",Sessão da Câmara de Teresópolis - 14 - 10 - 2025 (ytranscript.app).txt,https://www.youtube.com/watch?v=KFnG553dDHU
2025-10-16,202/2025,Vitinho,Dispõe sobre t,Não identificado,N/A,"Amanda, André do Gás, Bruninho Almeida, Cacau Repórter, Calé, Dudu do Resgate, Diego Barbosa, Fabinho Filé, Fidel Faria, Igor Faraco, João Miguel, Luciano Santos, Márcia Valentim, Marcos Rangel, Maurício Lopes, Sandrinho",Sessão da Câmara de Teresópolis - 16 - 10 - 2025 (ytranscript.app).txt,https://www.youtube.com/watch?v=rL5qLDemuZo
2025-08-18,203/2025,Calé,Dispõe sobre d,Aprovado (Votação Simbólica),N/A,"Amanda, André do Gás, Bruninho Almeida, Cacau Repórter, Caio Perfister, Calé, Dudu do Resgate, Diego Barbosa, Fabinho Filé, Fidel Faria, Igor Faraco, João Miguel, Luciano Santos, Márcia Valentim, Marcos Rangel, Maurício Lopes, Paulinho Nogueira, Sandrinho, Totó, Totó Online",video-HCqLAjXnDAY-ytranscript.txt,N/A
2025-08-19,203/2025,Calé,Dispõe sobre d,Aprovado (Votação Simbólica),N/A,"Amanda, André do Gás, Bruninho Almeida, Cacau Repórter, Caio Perfister, Calé, Dudu do Resgate, Diego Barbosa, Fabinho Filé, Fidel Faria, Igor Faraco, João Miguel, Luciano Santos, Márcia Valentim, Marcos Rangel, Maurício Lopes, Paulinho Nogueira, Totó, Totó Online",video-EeqUDqM_VzE-ytranscript.txt,N/A
2025-10-16,204/2025,Vitinho,Dispõe sobre p,Não identificado,N/A,"Amanda, André do Gás, Bruninho Almeida, Cacau Repórter, Calé, Dudu do Resgate, Diego Barbosa, Fabinho Filé, Fidel Faria, Igor Faraco, João Miguel, Luciano Santos, Márcia Valentim, Marcos Rangel, Maurício Lopes, Sandrinho",Sessão da Câmara de Teresópolis - 16 - 10 - 2025 (ytranscript.app).txt,https://www.youtube.com/watch?v=rL5qLDemuZo
2025-08-19,205/2025,Dudu do,Dispõe sobre d,Não identificado,N/A,"Amanda, André do Gás, Bruninho Almeida, Cacau Repórter, Caio Perfister, Calé, Dudu do Resgate, Diego Barbosa, Fabinho Filé, Fidel Faria, Igor Faraco, João Miguel, Luciano Santos, Márcia Valentim, Marcos Rangel, Maurício Lopes, Paulinho Nogueira, Totó, Totó Online",video-EeqUDqM_VzE-ytranscript.txt,N/A
2025-08-18,207/2025,Fabinho Filé,Dispõe sobre d,Aprovado (Votação Simbólica),N/A,"Amanda, André do Gás, Bruninho Almeida, Cacau Repórter, Caio Perfister, Calé, Dudu do Resgate, Diego Barbosa, Fabinho Filé, Fidel Faria, Igor Faraco, João Miguel, Luciano Santos, Márcia Valentim, Marcos Rangel, Maurício Lopes, Paulinho Nogueira, Sandrinho, Totó, Totó Online",video-HCqLAjXnDAY-ytranscript.txt,N/A
2025-08-19,207/2025,Fabinho Filé,Dispõe sobre d,Não identificado,N/A,"Amanda, André do Gás, Bruninho Almeida, Cacau Repórter, Caio Perfister, Calé, Dudu do Resgate, Diego Barbosa, Fabinho Filé, Fidel Faria, Igor Faraco, João Miguel, Luciano Santos, Márcia Valentim, Marcos Rangel, Maurício Lopes, Paulinho Nogueira, Totó, Totó Online",video-EeqUDqM_VzE-ytranscript.txt,N/A
2025-03-08,21/2025,Bruninho Almeida,Dispõe sobre a,Em Discussão,N/A,"Amanda, André do Gás, Cacau Repórter, Caio Perfister, Calé, Dudu do Resgate, Fabinho Filé, Fidel Faria, Igor Faraco, João Miguel, Luciano Santos, Márcia Valentim, Marcos Rangel, Maurício Lopes, Paulinho Nogueira, Amurim",video-KOFfnMQI7aA-ytranscript.txt,https://www.youtube.com/watch?v=KOFfnMQI7aA
2025-08-26,211/2025,Fidel Faria,Dispõe sobre d,Não identificado,N/A,"Amanda, André do Gás, Bruninho Almeida, Cacau Repórter, Caio Perfister, Calé, Dudu do Resgate, Diego Barbosa, Fabinho Filé, Fidel Faria, Igor Faraco, João Miguel, Luciano Santos, Marcos Rangel, Maurício Lopes, Paulinho Nogueira, Amurim, Totó, Totó Online",video-xdk6i0-UGno-ytranscript.txt,N/A
2025-08-26,212/2025,Sandrinho,Dispõe sobre d,Não identificado,N/A,"Amanda, André do Gás, Bruninho Almeida, Cacau Repórter, Caio Perfister, Calé, Dudu do Resgate, Diego Barbosa, Fabinho Filé, Fidel Faria, Igor Faraco, João Miguel, Luciano Santos, Marcos Rangel, Maurício Lopes, Paulinho Nogueira, Amurim, Totó, Totó Online",video-xdk6i0-UGno-ytranscript.txt,N/A
2025-09-11,212/2025,Sandrinho,Dispõe sobre d,Não identificado,N/A,Chamada não identificada,video-3RdIXI6Cc18-ytranscript.txt,N/A
2024-02-23,215/2025,Fidel,Dispõe sobre d,Não identificado,N/A,"Amanda, André do Gás, Cacau Repórter, Calé, Dudu do Resgate, Diego Barbosa, Fabinho Filé, Fidel Faria, Igor Faraco, João Miguel, Luciano Santos, Marcos Rangel, Maurício Lopes, Paulinho Nogueira, Amurim, Totó, Totó Online",video-JPVf0YsX_6A-ytranscript.txt,N/A
2025-08-26,215/2025,Fidel Faria,Dispõe sobre d,Não identificado,N/A,"Amanda, André do Gás, Bruninho Almeida, Cacau Repórter, Caio Perfister, Calé, Dudu do Resgate, Diego Barbosa, Fabinho Filé, Fidel Faria, Igor Faraco, João Miguel, Luciano Santos, Marcos Rangel, Maurício Lopes, Paulinho Nogueira, Amurim, Totó, Totó Online",video-xdk6i0-UGno-ytranscript.txt,N/A
2025-09-11,215/2025,Fidel,Dispõe sobre d,Em Discussão,N/A,Chamada não identificada,video-3RdIXI6Cc18-ytranscript.txt,N/A
2025-08-14,217/2025,Caio Perfister,Dispõe sobre d,Encaminhado para Comissão,N/A,Chamada não identificada,video-oxLspHRq6fo-ytranscript.txt,https://www.youtube.com/watch?v=oxLspHRq6fo
2025-08-14,218/2025,Caio Perfister,Dispõe sobre d,Aprovado (Votação Simbólica),N/A,Chamada não identificada,video-oxLspHRq6fo-ytranscript.txt,https://www.youtube.com/watch?v=oxLspHRq6fo
2025-08-26,218/2025,Caio Perfisti,Dispõe sobre d,Não identificado,N/A,"Amanda, André do Gás, Bruninho Almeida, Cacau Repórter, Caio Perfister, Calé, Dudu do Resgate, Diego Barbosa, Fabinho Filé, Fidel Faria, Igor Faraco, João Miguel, Luciano Santos, Marcos Rangel, Maurício Lopes, Paulinho Nogueira, Amurim, Totó, Totó Online",video-xdk6i0-UGno-ytranscript.txt,N/A
2025-09-11,218/2025,Caio Perfiste,Dispõe sobre d,Não identificado,N/A,Chamada não identificada,video-3RdIXI6Cc18-ytranscript.txt,N/A
2025-08-14,219/2025,Caio Perfiste,Dispõe sobre d,Aprovado (Votação Simbólica),N/A,Chamada não identificada,video-oxLspHRq6fo-ytranscript.txt,https://www.youtube.com/watch?v=oxLspHRq6fo
2025-08-19,219/2025,Caio Perfister,Dispõe sobre d,Não identificado,N/A,"Amanda, André do Gás, Bruninho Almeida, Cacau Repórter, Caio Perfister, Calé, Dudu do Resgate, Diego Barbosa, Fabinho Filé, Fidel Faria, Igor Faraco, João Miguel, Luciano Santos, Márcia Valentim, Marcos Rangel, Maurício Lopes, Paulinho Nogueira, Totó, Totó Online",video-EeqUDqM_VzE-ytranscript.txt,N/A
2025-04-15,22/2025,Fidel Faria,Dispõe sobre a,Não identificado,N/A,"Amanda, Bruninho Almeida, Cacau Repórter, Caio Perfister, Calé, Dudu do Resgate, Diego Barbosa, Fabinho Filé, Fidel Faria, Igor Faraco, João Miguel, Luciano Santos, Márcia Valentim, Marcos Rangel, Maurício Lopes, Paulinho Nogueira, Amurim",video-GWiUIy5IE0Q-ytranscript.txt,https://www.youtube.com/watch?v=GWiUIy5IE0Q
2025-08-14,220/2025,Igor Faraco,Dispõe sobre d,Aprovado (Votação Simbólica),N/A,Chamada não identificada,video-oxLspHRq6fo-ytranscript.txt,https://www.youtube.com/watch?v=oxLspHRq6fo
2025-08-14,221/2025,João Miguel,Dispõe sobre c,Aprovado (Votação Simbólica),N/A,Chamada não identificada,video-oxLspHRq6fo-ytranscript.txt,https://www.youtube.com/watch?v=oxLspHRq6fo
2025-08-14,222/2025,João Miguel,Dispõe sobre c,Aprovado (Votação Simbólica),N/A,Chamada não identificada,video-oxLspHRq6fo-ytranscript.txt,https://www.youtube.com/watch?v=oxLspHRq6fo
2025-08-14,223/2025,Paulinho Nogueira,Dispõe sobre a,Aprovado (Votação Simbólica),N/A,Chamada não identificada,video-oxLspHRq6fo-ytranscript.txt,https://www.youtube.com/watch?v=oxLspHRq6fo
2025-08-18,223/2025,Paulinho Nogueira altera a lei municipal 1189 de 9 de,Dispõe sobre d,Aprovado (Votação Simbólica),N/A,"Amanda, André do Gás, Bruninho Almeida, Cacau Repórter, Caio Perfister, Calé, Dudu do Resgate, Diego Barbosa, Fabinho Filé, Fidel Faria, Igor Faraco, João Miguel, Luciano Santos, Márcia Valentim, Marcos Rangel, Maurício Lopes, Paulinho Nogueira, Sandrinho, Totó, Totó Online",video-HCqLAjXnDAY-ytranscript.txt,N/A
2025-08-19,223/2025,Paulinho Nogueira,Dispõe sobre d,Não identificado,N/A,"Amanda, André do Gás, Bruninho Almeida, Cacau Repórter, Caio Perfister, Calé, Dudu do Resgate, Diego Barbosa, Fabinho Filé, Fidel Faria, Igor Faraco, João Miguel, Luciano Santos, Márcia Valentim, Marcos Rangel, Maurício Lopes, Paulinho Nogueira, Totó, Totó Online",video-EeqUDqM_VzE-ytranscript.txt,N/A
2025-08-14,224/2025,Paulinho Nogueira,Dispõe sobre a,Aprovado (Votação Simbólica),N/A,Chamada não identificada,video-oxLspHRq6fo-ytranscript.txt,https://www.youtube.com/watch?v=oxLspHRq6fo
2025-09-30,224/2025,Paulinho Nogueira,Dispõe sobre a,Não identificado,N/A,Chamada não identificada,video-BsSgj42_sG4-ytranscript.txt,https://www.youtube.com/watch?v=BsSgj42_sG4
2025-10-09,224/2025,João Miguel,Dispõe sobre o,Não identificado,N/A,"Amanda, André do Gás, Bruninho Almeida, Caio Perfister, Calé, Dudu do Resgate, Diego Barbosa, Fabinho Filé, Fidel Faria, Igor Faraco, João Miguel, Luciano Santos, Márcia Valentim, Marcos Rangel, Maurício Lopes, Paulinho Nogueira, Totó, Totó Online",Sessão da Câmara de Teresópolis - 09 - 10 - 2025 (ytranscript.app).txt,https://www.youtube.com/watch?v=tMPrHarWa7c
2025-10-14,224/2025,João Miguel,Dispõe sobre a,Não identificado,N/A,"Amanda, André do Gás, Bruninho Almeida, Cacau Repórter, Caio Perfister, Calé, Dudu do Resgate, Diego Barbosa, Fabinho Filé, Fidel Faria, Igor Faraco, João Miguel, Luciano Santos, Marcos Rangel, Maurício Lopes, Paulinho Nogueira, Amurim, Sandrinho, Totó, Totó Online",Sessão da Câmara de Teresópolis - 14 - 10 - 2025 (ytranscript.app).txt,https://www.youtube.com/watch?v=KFnG553dDHU
2025-08-18,225/2025,Sandrinho,Dispõe sobre d,Aprovado (Votação Simbólica),N/A,"Amanda, André do Gás, Bruninho Almeida, Cacau Repórter, Caio Perfister, Calé, Dudu do Resgate, Diego Barbosa, Fabinho Filé, Fidel Faria, Igor Faraco, João Miguel, Luciano Santos, Márcia Valentim, Marcos Rangel, Maurício Lopes, Paulinho Nogueira, Sandrinho, Totó, Totó Online",video-HCqLAjXnDAY-ytranscript.txt,N/A
2025-08-19,225/2025,Sandrinho,Dispõe sobre d,Em Discussão,N/A,"Amanda, André do Gás, Bruninho Almeida, Cacau Repórter, Caio Perfister, Calé, Dudu do Resgate, Diego Barbosa, Fabinho Filé, Fidel Faria, Igor Faraco, João Miguel, Luciano Santos, Márcia Valentim, Marcos Rangel, Maurício Lopes, Paulinho Nogueira, Totó, Totó Online",video-EeqUDqM_VzE-ytranscript.txt,N/A
2024-02-23,226/2025,Vitinho,Dispõe sobre d,Não identificado,N/A,"Amanda, André do Gás, Cacau Repórter, Calé, Dudu do Resgate, Diego Barbosa, Fabinho Filé, Fidel Faria, Igor Faraco, João Miguel, Luciano Santos, Marcos Rangel, Maurício Lopes, Paulinho Nogueira, Amurim, Totó, Totó Online",video-JPVf0YsX_6A-ytranscript.txt,N/A
2025-09-04,226/2025,Vitinho Nogueira,Dispõe sobre d,Não identificado,N/A,Chamada não identificada,video-KlVAXPja2jI-ytranscript.txt,N/A
2025-08-19,227/2025,Calé,Dispõe sobre d,Em Discussão,N/A,"Amanda, André do Gás, Bruninho Almeida, Cacau Repórter, Caio Perfister, Calé, Dudu do Resgate, Diego Barbosa, Fabinho Filé, Fidel Faria, Igor Faraco, João Miguel, Luciano Santos, Márcia Valentim, Marcos Rangel, Maurício Lopes, Paulinho Nogueira, Totó, Totó Online",video-EeqUDqM_VzE-ytranscript.txt,N/A
2025-08-19,228/2025,Calé,Dispõe sobre d,Em Discussão,N/A,"Amanda, André do Gás, Bruninho Almeida, Cacau Repórter, Caio Perfister, Calé, Dudu do Resgate, Diego Barbosa, Fabinho Filé, Fidel Faria, Igor Faraco, João Miguel, Luciano Santos, Márcia Valentim, Marcos Rangel, Maurício Lopes, Paulinho Nogueira, Totó, Totó Online",video-EeqUDqM_VzE-ytranscript.txt,N/A
2025-09-30,230/2022,André do Gás,Dispõe sobre a,Não identificado,N/A,Chamada não identificada,video-BsSgj42_sG4-ytranscript.txt,https://www.youtube.com/watch?v=BsSgj42_sG4
2025-09-20,230/2025,André do Gás,Dispõe sobre a,Não identificado,N/A,"Amanda, André do Gás, Bruninho Almeida, Cacau Repórter, Calé, Dudu do Resgate, Diego Barbosa, Fabinho Filé, Fidel Faria, João Miguel, Luciano Santos, Márcia Valentim, Marcos Rangel, Maurício Lopes, Paulinho Nogueira, Amurim, Totó, Totó Online",video-0XcCRwhO6Lw-ytranscript.txt,N/A
2025-10-09,234/2025,João Miguel,Dispõe sobre o,Não identificado,N/A,"Amanda, André do Gás, Bruninho Almeida, Caio Perfister, Calé, Dudu do Resgate, Diego Barbosa, Fabinho Filé, Fidel Faria, Igor Faraco, João Miguel, Luciano Santos, Márcia Valentim, Marcos Rangel, Maurício Lopes, Paulinho Nogueira, Totó, Totó Online",Sessão da Câmara de Teresópolis - 09 - 10 - 2025 (ytranscript.app).txt,https://www.youtube.com/watch?v=tMPrHarWa7c
2025-10-14,234/2025,João Miguel,Dispõe sobre a,Não identificado,N/A,"Amanda, André do Gás, Bruninho Almeida, Cacau Repórter, Caio Perfister, Calé, Dudu do Resgate, Diego Barbosa, Fabinho Filé, Fidel Faria, Igor Faraco, João Miguel, Luciano Santos, Marcos Rangel, Maurício Lopes, Paulinho Nogueira, Amurim, Sandrinho, Totó, Totó Online",Sessão da Câmara de Teresópolis - 14 - 10 - 2025 (ytranscript.app).txt,https://www.youtube.com/watch?v=KFnG553dDHU
2025-08-21,235/2025,Vitinho,Dispõe sobre d,Não identificado,N/A,"Amanda, André do Gás, Bruninho Almeida, Cacau Repórter, Caio Perfister, Calé, Dudu do Resgate, Diego Barbosa, Fabinho Filé, Fidel Faria, Igor Faraco, João Miguel, Luciano Santos, Márcia Valentim, Marcos Rangel, Maurício Lopes, Paulinho Nogueira, Amurim, Totó, Totó Online",video-hw1VWiNyI-0-ytranscript.txt,N/A
2025-08-26,235/2025,Vitinho,Dispõe sobre d,Não identificado,N/A,"Amanda, André do Gás, Bruninho Almeida, Cacau Repórter, Caio Perfister, Calé, Dudu do Resgate, Diego Barbosa, Fabinho Filé, Fidel Faria, Igor Faraco, João Miguel, Luciano Santos, Marcos Rangel, Maurício Lopes, Paulinho Nogueira, Amurim, Totó, Totó Online",video-xdk6i0-UGno-ytranscript.txt,N/A
2025-09-20,235/2025,Vitinho,Dispõe sobre d,Aprovado (Votação Simbólica),N/A,"Amanda, André do Gás, Bruninho Almeida, Cacau Repórter, Calé, Dudu do Resgate, Diego Barbosa, Fabinho Filé, Fidel Faria, João Miguel, Luciano Santos, Márcia Valentim, Marcos Rangel, Maurício Lopes, Paulinho Nogueira, Amurim, Totó, Totó Online",video-0XcCRwhO6Lw-ytranscript.txt,N/A
2024-02-23,236/2025,Total online,Dispõe sobre d,Não identificado,N/A,"Amanda, André do Gás, Cacau Repórter, Calé, Dudu do Resgate, Diego Barbosa, Fabinho Filé, Fidel Faria, Igor Faraco, João Miguel, Luciano Santos, Marcos Rangel, Maurício Lopes, Paulinho Nogueira, Amurim, Totó, Totó Online",video-JPVf0YsX_6A-ytranscript.txt,N/A
2025-08-26,236/2025,Totó Online,Dispõe sobre d,Não identificado,N/A,"Amanda, André do Gás, Bruninho Almeida, Cacau Repórter, Caio Perfister, Calé, Dudu do Resgate, Diego Barbosa, Fabinho Filé, Fidel Faria, Igor Faraco, João Miguel, Luciano Santos, Marcos Rangel, Maurício Lopes, Paulinho Nogueira, Amurim, Totó, Totó Online",video-xdk6i0-UGno-ytranscript.txt,N/A
2025-09-04,236/2025,Totó Online,Dispõe sobre l,Não identificado,N/A,Chamada não identificada,video-KlVAXPja2jI-ytranscript.txt,N/A
2025-09-11,236/2025,Totó Online,Dispõe sobre d,Em Discussão,N/A,Chamada não identificada,video-3RdIXI6Cc18-ytranscript.txt,N/A
2024-02-23,237/2025,Caio Perfistui o programa doadores do futuro e da,Dispõe sobre d,Não identificado,N/A,"Amanda, André do Gás, Cacau Repórter, Calé, Dudu do Resgate, Diego Barbosa, Fabinho Filé, Fidel Faria, Igor Faraco, João Miguel, Luciano Santos, Marcos Rangel, Maurício Lopes, Paulinho Nogueira, Amurim, Totó, Totó Online",video-JPVf0YsX_6A-ytranscript.txt,N/A
2025-09-04,237/2025,Caio Perfister,Dispõe sobre d,Não identificado,N/A,Chamada não identificada,video-KlVAXPja2jI-ytranscript.txt,N/A
2025-09-11,237/2025,Caio Perfester,Dispõe sobre d,Em Discussão,N/A,Chamada não identificada,video-3RdIXI6Cc18-ytranscript.txt,N/A
2025-08-19,238/2025,Cacau,Dispõe sobre a,Aprovado (Votação Simbólica),N/A,"Amanda, André do Gás, Bruninho Almeida, Cacau Repórter, Caio Perfister, Calé, Dudu do Resgate, Diego Barbosa, Fabinho Filé, Fidel Faria, Igor Faraco, João Miguel, Luciano Santos, Márcia Valentim, Marcos Rangel, Maurício Lopes, Paulinho Nogueira, Totó, Totó Online",video-EeqUDqM_VzE-ytranscript.txt,N/A
2025-10-09,238/2025,João Miguel,Dispõe sobre o,Não identificado,N/A,"Amanda, André do Gás, Bruninho Almeida, Caio Perfister, Calé, Dudu do Resgate, Diego Barbosa, Fabinho Filé, Fidel Faria, Igor Faraco, João Miguel, Luciano Santos, Márcia Valentim, Marcos Rangel, Maurício Lopes, Paulinho Nogueira, Totó, Totó Online",Sessão da Câmara de Teresópolis - 09 - 10 - 2025 (ytranscript.app).txt,https://www.youtube.com/watch?v=tMPrHarWa7c
2025-10-16,238/2025,Vitinho,Dispõe sobre p,Não identificado,N/A,"Amanda, André do Gás, Bruninho Almeida, Cacau Repórter, Calé, Dudu do Resgate, Diego Barbosa, Fabinho Filé, Fidel Faria, Igor Faraco, João Miguel, Luciano Santos, Márcia Valentim, Marcos Rangel, Maurício Lopes, Sandrinho",Sessão da Câmara de Teresópolis - 16 - 10 - 2025 (ytranscript.app).txt,https://www.youtube.com/watch?v=rL5qLDemuZo
2025-08-19,240/2025,Luciano,Dispõe sobre a,Aprovado (Votação Simbólica),N/A,"Amanda, André do Gás, Bruninho Almeida, Cacau Repórter, Caio Perfister, Calé, Dudu do Resgate, Diego Barbosa, Fabinho Filé, Fidel Faria, Igor Faraco, João Miguel, Luciano Santos, Márcia Valentim, Marcos Rangel, Maurício Lopes, Paulinho Nogueira, Totó, Totó Online",video-EeqUDqM_VzE-ytranscript.txt,N/A
2025-08-18,241/2025,Paulinho Nogueira altera a lei municipal 1189 de 9 de,Dispõe sobre d,Aprovado (Votação Simbólica),N/A,"Amanda, André do Gás, Bruninho Almeida, Cacau Repórter, Caio Perfister, Calé, Dudu do Resgate, Diego Barbosa, Fabinho Filé, Fidel Faria, Igor Faraco, João Miguel, Luciano Santos, Márcia Valentim, Marcos Rangel, Maurício Lopes, Paulinho Nogueira, Sandrinho, Totó, Totó Online",video-HCqLAjXnDAY-ytranscript.txt,N/A
2025-08-18,242/2025,Luciano Santos,Dispõe sobre o,Não identificado,N/A,"Amanda, André do Gás, Bruninho Almeida, Cacau Repórter, Caio Perfister, Calé, Dudu do Resgate, Diego Barbosa, Fabinho Filé, Fidel Faria, Igor Faraco, João Miguel, Luciano Santos, Márcia Valentim, Marcos Rangel, Maurício Lopes, Paulinho Nogueira, Sandrinho, Totó, Totó Online",video-HCqLAjXnDAY-ytranscript.txt,N/A
2025-08-18,243/2025,Sandrinho,Dispõe sobre a,Não identificado,N/A,"Amanda, André do Gás, Bruninho Almeida, Cacau Repórter, Caio Perfister, Calé, Dudu do Resgate, Diego Barbosa, Fabinho Filé, Fidel Faria, Igor Faraco, João Miguel, Luciano Santos, Márcia Valentim, Marcos Rangel, Maurício Lopes, Paulinho Nogueira, Sandrinho, Totó, Totó Online",video-HCqLAjXnDAY-ytranscript.txt,N/A
2025-08-21,243/2025,Luciano Santos,Dispõe sobre d,Não identificado,N/A,"Amanda, André do Gás, Bruninho Almeida, Cacau Repórter, Caio Perfister, Calé, Dudu do Resgate, Diego Barbosa, Fabinho Filé, Fidel Faria, Igor Faraco, João Miguel, Luciano Santos, Márcia Valentim, Marcos Rangel, Maurício Lopes, Paulinho Nogueira, Amurim, Totó, Totó Online",video-hw1VWiNyI-0-ytranscript.txt,N/A
2025-08-26,243/2025,Luciano Santos,Dispõe sobre d,Não identificado,N/A,"Amanda, André do Gás, Bruninho Almeida, Cacau Repórter, Caio Perfister, Calé, Dudu do Resgate, Diego Barbosa, Fabinho Filé, Fidel Faria, Igor Faraco, João Miguel, Luciano Santos, Marcos Rangel, Maurício Lopes, Paulinho Nogueira, Amurim, Totó, Totó Online",video-xdk6i0-UGno-ytranscript.txt,N/A
2025-08-18,244/2025,Sandrinho,Dispõe sobre a,Não identificado,N/A,"Amanda, André do Gás, Bruninho Almeida, Cacau Repórter, Caio Perfister, Calé, Dudu do Resgate, Diego Barbosa, Fabinho Filé, Fidel Faria, Igor Faraco, João Miguel, Luciano Santos, Márcia Valentim, Marcos Rangel, Maurício Lopes, Paulinho Nogueira, Sandrinho, Totó, Totó Online",video-HCqLAjXnDAY-ytranscript.txt,N/A
2025-08-26,244/2025,Sandrinho,Dispõe sobre c,Não identificado,N/A,"Amanda, André do Gás, Bruninho Almeida, Cacau Repórter, Caio Perfister, Calé, Dudu do Resgate, Diego Barbosa, Fabinho Filé, Fidel Faria, Igor Faraco, João Miguel, Luciano Santos, Marcos Rangel, Maurício Lopes, Paulinho Nogueira, Amurim, Totó, Totó Online",video-xdk6i0-UGno-ytranscript.txt,N/A
2025-09-11,244/2025,Sandrinho,Dispõe sobre a,Não identificado,N/A,Chamada não identificada,video-3RdIXI6Cc18-ytranscript.txt,N/A
2025-08-18,245/2025,Vitinho,Dispõe sobre a,Não identificado,N/A,"Amanda, André do Gás, Bruninho Almeida, Cacau Repórter, Caio Perfister, Calé, Dudu do Resgate, Diego Barbosa, Fabinho Filé, Fidel Faria, Igor Faraco, João Miguel, Luciano Santos, Márcia Valentim, Marcos Rangel, Maurício Lopes, Paulinho Nogueira, Sandrinho, Totó, Totó Online",video-HCqLAjXnDAY-ytranscript.txt,N/A
2025-10-16,245/2025,Vitinho,Dispõe sobre p,Não identificado,N/A,"Amanda, André do Gás, Bruninho Almeida, Cacau Repórter, Calé, Dudu do Resgate, Diego Barbosa, Fabinho Filé, Fidel Faria, Igor Faraco, João Miguel, Luciano Santos, Márcia Valentim, Marcos Rangel, Maurício Lopes, Sandrinho",Sessão da Câmara de Teresópolis - 16 - 10 - 2025 (ytranscript.app).txt,https://www.youtube.com/watch?v=rL5qLDemuZo
2024-02-23,246/2025,Maurício,Dispõe sobre d,Não identificado,N/A,"Amanda, André do Gás, Cacau Repórter, Calé, Dudu do Resgate, Diego Barbosa, Fabinho Filé, Fidel Faria, Igor Faraco, João Miguel, Luciano Santos, Marcos Rangel, Maurício Lopes, Paulinho Nogueira, Amurim, Totó, Totó Online",video-JPVf0YsX_6A-ytranscript.txt,N/A
2025-08-26,246/2025,Maurício Lopes,Dispõe sobre d,Não identificado,N/A,"Amanda, André do Gás, Bruninho Almeida, Cacau Repórter, Caio Perfister, Calé, Dudu do Resgate, Diego Barbosa, Fabinho Filé, Fidel Faria, Igor Faraco, João Miguel, Luciano Santos, Marcos Rangel, Maurício Lopes, Paulinho Nogueira, Amurim, Totó, Totó Online",video-xdk6i0-UGno-ytranscript.txt,N/A
2024-02-23,247/2025,Bruninho Almeida,Dispõe sobre d,Não identificado,N/A,"Amanda, André do Gás, Cacau Repórter, Calé, Dudu do Resgate, Diego Barbosa, Fabinho Filé, Fidel Faria, Igor Faraco, João Miguel, Luciano Santos, Marcos Rangel, Maurício Lopes, Paulinho Nogueira, Amurim, Totó, Totó Online",video-JPVf0YsX_6A-ytranscript.txt,N/A
2025-08-26,247/2025,Bruninho Almeida,Dispõe sobre d,Não identificado,N/A,"Amanda, André do Gás, Bruninho Almeida, Cacau Repórter, Caio Perfister, Calé, Dudu do Resgate, Diego Barbosa, Fabinho Filé, Fidel Faria, Igor Faraco, João Miguel, Luciano Santos, Marcos Rangel, Maurício Lopes, Paulinho Nogueira, Amurim, Totó, Totó Online",video-xdk6i0-UGno-ytranscript.txt,N/A
2025-08-28,247/2025,Bruninho Almeida,Dispõe sobre a,Encaminhado para Comissão,N/A,"Amanda, André do Gás, Cacau Repórter, Calé, Dudu do Resgate, Diego Barbosa, Fabinho Filé, Fidel Faria, Igor Faraco, João Miguel, Luciano Santos, Márcia Valentim, Marcos Rangel, Maurício Lopes, Paulinho Nogueira, Sandrinho",video-NvLFdoGpLKk-ytranscript.txt,N/A
2025-09-04,247/2025,Bruninho Almeida,Dispõe sobre d,Não identificado,N/A,Chamada não identificada,video-KlVAXPja2jI-ytranscript.txt,N/A
2025-09-11,247/2025,Bruninho Almeida,Dispõe sobre d,Em Discussão,N/A,Chamada não identificada,video-3RdIXI6Cc18-ytranscript.txt,N/A
2025-09-30,248/2005,Calé,Dispõe sobre a,Não identificado,N/A,Chamada não identificada,video-BsSgj42_sG4-ytranscript.txt,https://www.youtube.com/watch?v=BsSgj42_sG4
2025-08-28,248/2025,Calé,Dispõe sobre a,Encaminhado para Comissão,N/A,"Amanda, André do Gás, Cacau Repórter, Calé, Dudu do Resgate, Diego Barbosa, Fabinho Filé, Fidel Faria, Igor Faraco, João Miguel, Luciano Santos, Márcia Valentim, Marcos Rangel, Maurício Lopes, Paulinho Nogueira, Sandrinho",video-NvLFdoGpLKk-ytranscript.txt,N/A
2025-09-20,248/2025,Calé,Dispõe sobre a,Não identificado,N/A,"Amanda, André do Gás, Bruninho Almeida, Cacau Repórter, Calé, Dudu do Resgate, Diego Barbosa, Fabinho Filé, Fidel Faria, João Miguel, Luciano Santos, Márcia Valentim, Marcos Rangel, Maurício Lopes, Paulinho Nogueira, Amurim, Totó, Totó Online",video-0XcCRwhO6Lw-ytranscript.txt,N/A
2025-10-09,25/2025,João Miguel,Dispõe sobre o,Não identificado,N/A,"Amanda, André do Gás, Bruninho Almeida, Caio Perfister, Calé, Dudu do Resgate, Diego Barbosa, Fabinho Filé, Fidel Faria, Igor Faraco, João Miguel, Luciano Santos, Márcia Valentim, Marcos Rangel, Maurício Lopes, Paulinho Nogueira, Totó, Totó Online",Sessão da Câmara de Teresópolis - 09 - 10 - 2025 (ytranscript.app).txt,https://www.youtube.com/watch?v=tMPrHarWa7c
2025-08-28,251/2025,João Miguel,Dispõe sobre a,Aprovado (Votação Simbólica),N/A,"Amanda, André do Gás, Cacau Repórter, Calé, Dudu do Resgate, Diego Barbosa, Fabinho Filé, Fidel Faria, Igor Faraco, João Miguel, Luciano Santos, Márcia Valentim, Marcos Rangel, Maurício Lopes, Paulinho Nogueira, Sandrinho",video-NvLFdoGpLKk-ytranscript.txt,N/A
2025-08-28,252/2025,Luciano Santos,Dispõe sobre a,Aprovado (Votação Simbólica),N/A,"Amanda, André do Gás, Cacau Repórter, Calé, Dudu do Resgate, Diego Barbosa, Fabinho Filé, Fidel Faria, Igor Faraco, João Miguel, Luciano Santos, Márcia Valentim, Marcos Rangel, Maurício Lopes, Paulinho Nogueira, Sandrinho",video-NvLFdoGpLKk-ytranscript.txt,N/A
2025-09-20,252/2025,Luciano Santos,Dispõe sobre a,Não identificado,N/A,"Amanda, André do Gás, Bruninho Almeida, Cacau Repórter, Calé, Dudu do Resgate, Diego Barbosa, Fabinho Filé, Fidel Faria, João Miguel, Luciano Santos, Márcia Valentim, Marcos Rangel, Maurício Lopes, Paulinho Nogueira, Amurim, Totó, Totó Online",video-0XcCRwhO6Lw-ytranscript.txt,N/A
2025-08-21,253/2025,Sandrinho,Dispõe sobre d,Não identificado,N/A,"Amanda, André do Gás, Bruninho Almeida, Cacau Repórter, Caio Perfister, Calé, Dudu do Resgate, Diego Barbosa, Fabinho Filé, Fidel Faria, Igor Faraco, João Miguel, Luciano Santos, Márcia Valentim, Marcos Rangel, Maurício Lopes, Paulinho Nogueira, Amurim, Totó, Totó Online",video-hw1VWiNyI-0-ytranscript.txt,N/A
2025-08-28,253/2025,Sandrinho,Inclui n,Aprovado (Votação Simbólica),N/A,"Amanda, André do Gás, Cacau Repórter, Calé, Dudu do Resgate, Diego Barbosa, Fabinho Filé, Fidel Faria, Igor Faraco, João Miguel, Luciano Santos, Márcia Valentim, Marcos Rangel, Maurício Lopes, Paulinho Nogueira, Sandrinho",video-NvLFdoGpLKk-ytranscript.txt,N/A
2025-09-20,253/2025,Sandrinho,Dispõe sobre d,Não identificado,N/A,"Amanda, André do Gás, Bruninho Almeida, Cacau Repórter, Calé, Dudu do Resgate, Diego Barbosa, Fabinho Filé, Fidel Faria, João Miguel, Luciano Santos, Márcia Valentim, Marcos Rangel, Maurício Lopes, Paulinho Nogueira, Amurim, Totó, Totó Online",video-0XcCRwhO6Lw-ytranscript.txt,N/A
2025-08-28,254/2025,Luciano Santos,Autoriza o,Aprovado (Votação Simbólica),N/A,"Amanda, André do Gás, Cacau Repórter, Calé, Dudu do Resgate, Diego Barbosa, Fabinho Filé, Fidel Faria, Igor Faraco, João Miguel, Luciano Santos, Márcia Valentim, Marcos Rangel, Maurício Lopes, Paulinho Nogueira, Sandrinho",video-NvLFdoGpLKk-ytranscript.txt,N/A
2025-09-30,255/2025,Amanda,Dispõe sobre o,Aprovado (Votação Simbólica),N/A,Chamada não identificada,video-BsSgj42_sG4-ytranscript.txt,https://www.youtube.com/watch?v=BsSgj42_sG4
2024-02-23,256/2025,João Miguel,Cria o,Não identificado,N/A,"Amanda, André do Gás, Cacau Repórter, Calé, Dudu do Resgate, Diego Barbosa, Fabinho Filé, Fidel Faria, Igor Faraco, João Miguel, Luciano Santos, Marcos Rangel, Maurício Lopes, Paulinho Nogueira, Amurim, Totó, Totó Online",video-JPVf0YsX_6A-ytranscript.txt,N/A
2025-08-26,256/2025,Fidel Faria,Dispõe sobre d,Não identificado,N/A,"Amanda, André do Gás, Bruninho Almeida, Cacau Repórter, Caio Perfister, Calé, Dudu do Resgate, Diego Barbosa, Fabinho Filé, Fidel Faria, Igor Faraco, João Miguel, Luciano Santos, Marcos Rangel, Maurício Lopes, Paulinho Nogueira, Amurim, Totó, Totó Online",video-xdk6i0-UGno-ytranscript.txt,N/A
2024-02-23,257/2025,João Miguel,Dispõe sobre o,Não identificado,N/A,"Amanda, André do Gás, Cacau Repórter, Calé, Dudu do Resgate, Diego Barbosa, Fabinho Filé, Fidel Faria, Igor Faraco, João Miguel, Luciano Santos, Marcos Rangel, Maurício Lopes, Paulinho Nogueira, Amurim, Totó, Totó Online",video-JPVf0YsX_6A-ytranscript.txt,N/A
2024-02-23,259/2025,Luciano Santos,Dispõe sobre o,Encaminhado para Comissão,N/A,"Amanda, André do Gás, Cacau Repórter, Calé, Dudu do Resgate, Diego Barbosa, Fabinho Filé, Fidel Faria, Igor Faraco, João Miguel, Luciano Santos, Marcos Rangel, Maurício Lopes, Paulinho Nogueira, Amurim, Totó, Totó Online",video-JPVf0YsX_6A-ytranscript.txt,N/A
2025-12-09,259/2025,Cacau Repórter,De autoria do vereador Maurício Lopes. Projeto de lei complementar número 027/2025 de autoria do vereador Paulino Nogueira.,Não identificado,N/A,Chamada não identificada,Sessão da Câmara de Teresópolis - 09 - 12 - 2025 (ytranscript.app).txt,https://www.youtube.com/watch?v=GJmqmTCnwXo
2025-10-09,261/2025,Sandrinho,Dispõe sobre o,Em Discussão,N/A,"Amanda, André do Gás, Bruninho Almeida, Caio Perfister, Calé, Dudu do Resgate, Diego Barbosa, Fabinho Filé, Fidel Faria, Igor Faraco, João Miguel, Luciano Santos, Márcia Valentim, Marcos Rangel, Maurício Lopes, Paulinho Nogueira, Totó, Totó Online",Sessão da Câmara de Teresópolis - 09 - 10 - 2025 (ytranscript.app).txt,https://www.youtube.com/watch?v=tMPrHarWa7c
2025-10-14,261/2025,Sandrinho,Dispõe sobre a,Não identificado,N/A,"Amanda, André do Gás, Bruninho Almeida, Cacau Repórter, Caio Perfister, Calé, Dudu do Resgate, Diego Barbosa, Fabinho Filé, Fidel Faria, Igor Faraco, João Miguel, Luciano Santos, Marcos Rangel, Maurício Lopes, Paulinho Nogueira, Amurim, Sandrinho, Totó, Totó Online",Sessão da Câmara de Teresópolis - 14 - 10 - 2025 (ytranscript.app).txt,https://www.youtube.com/watch?v=KFnG553dDHU
2025-10-16,261/2025,Rangel,Dispõe sobre a,Em Discussão,N/A,"Amanda, André do Gás, Bruninho Almeida, Cacau Repórter, Calé, Dudu do Resgate, Diego Barbosa, Fabinho Filé, Fidel Faria, Igor Faraco, João Miguel, Luciano Santos, Márcia Valentim, Marcos Rangel, Maurício Lopes, Sandrinho",Sessão da Câmara de Teresópolis - 16 - 10 - 2025 (ytranscript.app).txt,https://www.youtube.com/watch?v=rL5qLDemuZo
2024-02-23,262/2025,Rangel,Dispõe sobre o,Aprovado (Votação Simbólica),N/A,"Amanda, André do Gás, Cacau Repórter, Calé, Dudu do Resgate, Diego Barbosa, Fabinho Filé, Fidel Faria, Igor Faraco, João Miguel, Luciano Santos, Marcos Rangel, Maurício Lopes, Paulinho Nogueira, Amurim, Totó, Totó Online",video-JPVf0YsX_6A-ytranscript.txt,N/A
2025-10-09,262/2025,Rangel,Dispõe sobre o,Em Discussão,N/A,"Amanda, André do Gás, Bruninho Almeida, Caio Perfister, Calé, Dudu do Resgate, Diego Barbosa, Fabinho Filé, Fidel Faria, Igor Faraco, João Miguel, Luciano Santos, Márcia Valentim, Marcos Rangel, Maurício Lopes, Paulinho Nogueira, Totó, Totó Online",Sessão da Câmara de Teresópolis - 09 - 10 - 2025 (ytranscript.app).txt,https://www.youtube.com/watch?v=tMPrHarWa7c
2025-10-16,262/2025,Rangel,Dispõe sobre a,Em Discussão,N/A,"Amanda, André do Gás, Bruninho Almeida, Cacau Repórter, Calé, Dudu do Resgate, Diego Barbosa, Fabinho Filé, Fidel Faria, Igor Faraco, João Miguel, Luciano Santos, Márcia Valentim, Marcos Rangel, Maurício Lopes, Sandrinho",Sessão da Câmara de Teresópolis - 16 - 10 - 2025 (ytranscript.app).txt,https://www.youtube.com/watch?v=rL5qLDemuZo
2024-02-23,263/2025,Rangel,Dispõe sobre a,Aprovado (Votação Simbólica),N/A,"Amanda, André do Gás, Cacau Repórter, Calé, Dudu do Resgate, Diego Barbosa, Fabinho Filé, Fidel Faria, Igor Faraco, João Miguel, Luciano Santos, Marcos Rangel, Maurício Lopes, Paulinho Nogueira, Amurim, Totó, Totó Online",video-JPVf0YsX_6A-ytranscript.txt,N/A
2025-09-30,263/2025,Rangel,Dispõe sobre [,Não identificado,N/A,Chamada não identificada,video-BsSgj42_sG4-ytranscript.txt,https://www.youtube.com/watch?v=BsSgj42_sG4
2025-10-14,263/2025,Rangel,Dispõe sobre a,Não identificado,N/A,"Amanda, André do Gás, Bruninho Almeida, Cacau Repórter, Caio Perfister, Calé, Dudu do Resgate, Diego Barbosa, Fabinho Filé, Fidel Faria, Igor Faraco, João Miguel, Luciano Santos, Marcos Rangel, Maurício Lopes, Paulinho Nogueira, Amurim, Sandrinho, Totó, Totó Online",Sessão da Câmara de Teresópolis - 14 - 10 - 2025 (ytranscript.app).txt,https://www.youtube.com/watch?v=KFnG553dDHU
2025-12-09,264/2025,Cacau Repórter,De autoria do vereador Maurício Lopes. Projeto de lei complementar número 027/2025 de autoria do vereador Paulino Nogueira.,Não identificado,N/A,Chamada não identificada,Sessão da Câmara de Teresópolis - 09 - 12 - 2025 (ytranscript.app).txt,https://www.youtube.com/watch?v=GJmqmTCnwXo
2024-02-23,265/2025,Maurício Lopes,Dispõe sobre a,Aprovado (Votação Simbólica),N/A,"Amanda, André do Gás, Cacau Repórter, Calé, Dudu do Resgate, Diego Barbosa, Fabinho Filé, Fidel Faria, Igor Faraco, João Miguel, Luciano Santos, Marcos Rangel, Maurício Lopes, Paulinho Nogueira, Amurim, Totó, Totó Online",video-JPVf0YsX_6A-ytranscript.txt,N/A
2025-09-30,266/2025,Marcos Rangel,Dispõe sobre a,Não identificado,N/A,Chamada não identificada,video-BsSgj42_sG4-ytranscript.txt,https://www.youtube.com/watch?v=BsSgj42_sG4
2025-08-26,267/2025,Caio Perfister,Dispõe sobre c,Aprovado (Votação Simbólica),N/A,"Amanda, André do Gás, Bruninho Almeida, Cacau Repórter, Caio Perfister, Calé, Dudu do Resgate, Diego Barbosa, Fabinho Filé, Fidel Faria, Igor Faraco, João Miguel, Luciano Santos, Marcos Rangel, Maurício Lopes, Paulinho Nogueira, Amurim, Totó, Totó Online",video-xdk6i0-UGno-ytranscript.txt,N/A
2025-08-21,268/2025,João Miguel,Dispõe sobre d,Não identificado,N/A,"Amanda, André do Gás, Bruninho Almeida, Cacau Repórter, Caio Perfister, Calé, Dudu do Resgate, Diego Barbosa, Fabinho Filé, Fidel Faria, Igor Faraco, João Miguel, Luciano Santos, Márcia Valentim, Marcos Rangel, Maurício Lopes, Paulinho Nogueira, Amurim, Totó, Totó Online",video-hw1VWiNyI-0-ytranscript.txt,N/A
2025-08-26,268/2025,João Miguel,Dispõe sobre d,Aprovado (Votação Simbólica),N/A,"Amanda, André do Gás, Bruninho Almeida, Cacau Repórter, Caio Perfister, Calé, Dudu do Resgate, Diego Barbosa, Fabinho Filé, Fidel Faria, Igor Faraco, João Miguel, Luciano Santos, Marcos Rangel, Maurício Lopes, Paulinho Nogueira, Amurim, Totó, Totó Online",video-xdk6i0-UGno-ytranscript.txt,N/A
2025-09-20,268/2025,João,Dispõe sobre d,Não identificado,N/A,"Amanda, André do Gás, Bruninho Almeida, Cacau Repórter, Calé, Dudu do Resgate, Diego Barbosa, Fabinho Filé, Fidel Faria, João Miguel, Luciano Santos, Márcia Valentim, Marcos Rangel, Maurício Lopes, Paulinho Nogueira, Amurim, Totó, Totó Online",video-0XcCRwhO6Lw-ytranscript.txt,N/A
2025-09-30,268/2025,João Miguel,Dispõe sobre d,Não identificado,N/A,Chamada não identificada,video-BsSgj42_sG4-ytranscript.txt,https://www.youtube.com/watch?v=BsSgj42_sG4
2025-08-21,269/2025,Sandrinho,Dispõe sobre d,Não identificado,N/A,"Amanda, André do Gás, Bruninho Almeida, Cacau Repórter, Caio Perfister, Calé, Dudu do Resgate, Diego Barbosa, Fabinho Filé, Fidel Faria, Igor Faraco, João Miguel, Luciano Santos, Márcia Valentim, Marcos Rangel, Maurício Lopes, Paulinho Nogueira, Amurim, Totó, Totó Online",video-hw1VWiNyI-0-ytranscript.txt,N/A
2025-08-26,269/2025,Amanda,Dispõe sobre d,Aprovado (Votação Simbólica),N/A,"Amanda, André do Gás, Bruninho Almeida, Cacau Repórter, Caio Perfister, Calé, Dudu do Resgate, Diego Barbosa, Fabinho Filé, Fidel Faria, Igor Faraco, João Miguel, Luciano Santos, Marcos Rangel, Maurício Lopes, Paulinho Nogueira, Amurim, Totó, Totó Online",video-xdk6i0-UGno-ytranscript.txt,N/A
2025-09-20,269/2025,Sandrinho,Dispõe sobre d,Não identificado,N/A,"Amanda, André do Gás, Bruninho Almeida, Cacau Repórter, Calé, Dudu do Resgate, Diego Barbosa, Fabinho Filé, Fidel Faria, João Miguel, Luciano Santos, Márcia Valentim, Marcos Rangel, Maurício Lopes, Paulinho Nogueira, Amurim, Totó, Totó Online",video-0XcCRwhO6Lw-ytranscript.txt,N/A
2025-08-26,271/2025,Amanda,Institui e,Aprovado (Votação Simbólica),N/A,"Amanda, André do Gás, Bruninho Almeida, Cacau Repórter, Caio Perfister, Calé, Dudu do Resgate, Diego Barbosa, Fabinho Filé, Fidel Faria, Igor Faraco, João Miguel, Luciano Santos, Marcos Rangel, Maurício Lopes, Paulinho Nogueira, Amurim, Totó, Totó Online",video-xdk6i0-UGno-ytranscript.txt,N/A
2025-09-20,271/2025,Sandrinho,Dispõe sobre d,Aprovado (Votação Simbólica),N/A,"Amanda, André do Gás, Bruninho Almeida, Cacau Repórter, Calé, Dudu do Resgate, Diego Barbosa, Fabinho Filé, Fidel Faria, João Miguel, Luciano Santos, Márcia Valentim, Marcos Rangel, Maurício Lopes, Paulinho Nogueira, Amurim, Totó, Totó Online",video-0XcCRwhO6Lw-ytranscript.txt,N/A
2025-08-21,272/2025,Vitinho,Dispõe sobre a,Aprovado (Votação Simbólica),N/A,"Amanda, André do Gás, Bruninho Almeida, Cacau Repórter, Caio Perfister, Calé, Dudu do Resgate, Diego Barbosa, Fabinho Filé, Fidel Faria, Igor Faraco, João Miguel, Luciano Santos, Márcia Valentim, Marcos Rangel, Maurício Lopes, Paulinho Nogueira, Amurim, Totó, Totó Online",video-hw1VWiNyI-0-ytranscript.txt,N/A
2025-08-21,273/2025,Fidel Faria,Dispõe sobre a,Aprovado (Votação Simbólica),N/A,"Amanda, André do Gás, Bruninho Almeida, Cacau Repórter, Caio Perfister, Calé, Dudu do Resgate, Diego Barbosa, Fabinho Filé, Fidel Faria, Igor Faraco, João Miguel, Luciano Santos, Márcia Valentim, Marcos Rangel, Maurício Lopes, Paulinho Nogueira, Amurim, Totó, Totó Online",video-hw1VWiNyI-0-ytranscript.txt,N/A
2025-10-09,273/2025,Sandrinho,Dispõe sobre d,Não identificado,N/A,"Amanda, André do Gás, Bruninho Almeida, Caio Perfister, Calé, Dudu do Resgate, Diego Barbosa, Fabinho Filé, Fidel Faria, Igor Faraco, João Miguel, Luciano Santos, Márcia Valentim, Marcos Rangel, Maurício Lopes, Paulinho Nogueira, Totó, Totó Online",Sessão da Câmara de Teresópolis - 09 - 10 - 2025 (ytranscript.app).txt,https://www.youtube.com/watch?v=tMPrHarWa7c
2025-10-14,273/2025,Sandrinho,Dispõe sobre a,Aprovado (Votação Simbólica),N/A,"Amanda, André do Gás, Bruninho Almeida, Cacau Repórter, Caio Perfister, Calé, Dudu do Resgate, Diego Barbosa, Fabinho Filé, Fidel Faria, Igor Faraco, João Miguel, Luciano Santos, Marcos Rangel, Maurício Lopes, Paulinho Nogueira, Amurim, Sandrinho, Totó, Totó Online",Sessão da Câmara de Teresópolis - 14 - 10 - 2025 (ytranscript.app).txt,https://www.youtube.com/watch?v=KFnG553dDHU
2025-08-21,274/2025,Fidel Faria,Dispõe sobre a,Aprovado (Votação Simbólica),N/A,"Amanda, André do Gás, Bruninho Almeida, Cacau Repórter, Caio Perfister, Calé, Dudu do Resgate, Diego Barbosa, Fabinho Filé, Fidel Faria, Igor Faraco, João Miguel, Luciano Santos, Márcia Valentim, Marcos Rangel, Maurício Lopes, Paulinho Nogueira, Amurim, Totó, Totó Online",video-hw1VWiNyI-0-ytranscript.txt,N/A
2025-10-14,274/2025,Amanda,De autoria do vereador Diego Barbosa. Fica autorizada a criação do programa de instalação de faixa elevada e faixa de pintura 3D para travessias de pedestres em frente a unidades escolares públicas e privadas e unidades de saúde públicas e privadas em Teresópolis e da outras providências.,Não identificado,N/A,"Amanda, André do Gás, Bruninho Almeida, Cacau Repórter, Caio Perfister, Calé, Dudu do Resgate, Diego Barbosa, Fabinho Filé, Fidel Faria, Igor Faraco, João Miguel, Luciano Santos, Marcos Rangel, Maurício Lopes, Paulinho Nogueira, Amurim, Sandrinho, Totó, Totó Online",Sessão da Câmara de Teresópolis - 14 - 10 - 2025 (ytranscript.app).txt,https://www.youtube.com/watch?v=KFnG553dDHU
2025-08-21,275/2025,Paulinho Nogueira,Dispõe sobre a,Aprovado (Votação Simbólica),N/A,"Amanda, André do Gás, Bruninho Almeida, Cacau Repórter, Caio Perfister, Calé, Dudu do Resgate, Diego Barbosa, Fabinho Filé, Fidel Faria, Igor Faraco, João Miguel, Luciano Santos, Márcia Valentim, Marcos Rangel, Maurício Lopes, Paulinho Nogueira, Amurim, Totó, Totó Online",video-hw1VWiNyI-0-ytranscript.txt,N/A
2025-08-21,276/2025,Sandrinho,Dispõe sobre a,Aprovado (Votação Simbólica),N/A,"Amanda, André do Gás, Bruninho Almeida, Cacau Repórter, Caio Perfister, Calé, Dudu do Resgate, Diego Barbosa, Fabinho Filé, Fidel Faria, Igor Faraco, João Miguel, Luciano Santos, Márcia Valentim, Marcos Rangel, Maurício Lopes, Paulinho Nogueira, Amurim, Totó, Totó Online",video-hw1VWiNyI-0-ytranscript.txt,N/A
2025-10-09,276/2025,Sandrinho,Institui a,Não identificado,N/A,"Amanda, André do Gás, Bruninho Almeida, Caio Perfister, Calé, Dudu do Resgate, Diego Barbosa, Fabinho Filé, Fidel Faria, Igor Faraco, João Miguel, Luciano Santos, Márcia Valentim, Marcos Rangel, Maurício Lopes, Paulinho Nogueira, Totó, Totó Online",Sessão da Câmara de Teresópolis - 09 - 10 - 2025 (ytranscript.app).txt,https://www.youtube.com/watch?v=tMPrHarWa7c
2025-08-21,277/2025,Fidel Faria,Dispõe sobre a,Aprovado (Votação Simbólica),N/A,"Amanda, André do Gás, Bruninho Almeida, Cacau Repórter, Caio Perfister, Calé, Dudu do Resgate, Diego Barbosa, Fabinho Filé, Fidel Faria, Igor Faraco, João Miguel, Luciano Santos, Márcia Valentim, Marcos Rangel, Maurício Lopes, Paulinho Nogueira, Amurim, Totó, Totó Online",video-hw1VWiNyI-0-ytranscript.txt,N/A
2025-09-23,278/2025,Calé,Dispõe sobre d,Encaminhado para Comissão,N/A,Chamada não identificada,video-LjyElyEboxw-ytranscript.txt,https://www.youtube.com/watch?v=LjyElyEboxw
2025-09-23,278/2025,Caio Perfister,Dispõe sobre d,Encaminhado para Comissão,N/A,Chamada não identificada,video-MIMAhGI3G7M-ytranscript.txt,https://www.youtube.com/watch?v=MIMAhGI3G7M
2025-10-14,278/2025,Caio Perfist,Dispõe sobre d,Aprovado (Votação Simbólica),N/A,"Amanda, André do Gás, Bruninho Almeida, Cacau Repórter, Caio Perfister, Calé, Dudu do Resgate, Diego Barbosa, Fabinho Filé, Fidel Faria, Igor Faraco, João Miguel, Luciano Santos, Marcos Rangel, Maurício Lopes, Paulinho Nogueira, Amurim, Sandrinho, Totó, Totó Online",Sessão da Câmara de Teresópolis - 14 - 10 - 2025 (ytranscript.app).txt,https://www.youtube.com/watch?v=KFnG553dDHU
2025-09-23,279/2022,Calé,Dispõe sobre d,Aprovado (Votação Simbólica),N/A,Chamada não identificada,video-LjyElyEboxw-ytranscript.txt,https://www.youtube.com/watch?v=LjyElyEboxw
2025-09-23,279/2025,Calé,Dispõe sobre d,Aprovado (Votação Simbólica),N/A,Chamada não identificada,video-MIMAhGI3G7M-ytranscript.txt,https://www.youtube.com/watch?v=MIMAhGI3G7M
2025-03-13,28/2005,Autor não identificado,Ementa não identificada,Aprovado (Votação Simbólica),N/A,Chamada não identificada,video-A_AmBdu9O2E-ytranscript.txt,https://www.youtube.com/watch?v=A_AmBdu9O2E
2025-09-23,280/2025,Paulinho Nogueira,Dispõe sobre a,Aprovado (Votação Simbólica),N/A,Chamada não identificada,video-LjyElyEboxw-ytranscript.txt,https://www.youtube.com/watch?v=LjyElyEboxw
2025-10-16,280/2025,Paulinho Nogueira,Altera a,Em Discussão,N/A,"Amanda, André do Gás, Bruninho Almeida, Cacau Repórter, Calé, Dudu do Resgate, Diego Barbosa, Fabinho Filé, Fidel Faria, Igor Faraco, João Miguel, Luciano Santos, Márcia Valentim, Marcos Rangel, Maurício Lopes, Sandrinho",Sessão da Câmara de Teresópolis - 16 - 10 - 2025 (ytranscript.app).txt,https://www.youtube.com/watch?v=rL5qLDemuZo
2025-09-23,281/2025,Sandrinho,Dispõe sobre a,Aprovado (Votação Simbólica),N/A,Chamada não identificada,video-LjyElyEboxw-ytranscript.txt,https://www.youtube.com/watch?v=LjyElyEboxw
2025-09-23,281/2025,Sandrinho,Dispõe sobre a,Aprovado (Votação Simbólica),N/A,Chamada não identificada,video-MIMAhGI3G7M-ytranscript.txt,https://www.youtube.com/watch?v=MIMAhGI3G7M
2025-10-09,281/2025,Paulinho Nogueira,Dispõe sobre a,Encaminhado para Comissão,N/A,"Amanda, André do Gás, Bruninho Almeida, Caio Perfister, Calé, Dudu do Resgate, Diego Barbosa, Fabinho Filé, Fidel Faria, Igor Faraco, João Miguel, Luciano Santos, Márcia Valentim, Marcos Rangel, Maurício Lopes, Paulinho Nogueira, Totó, Totó Online",Sessão da Câmara de Teresópolis - 09 - 10 - 2025 (ytranscript.app).txt,https://www.youtube.com/watch?v=tMPrHarWa7c
2025-10-21,281/2025,Sandrinho,Institui o,Aprovado (Votação Simbólica),N/A,Chamada não identificada,Sessão da Câmara de Teresópolis - 21 - 10 - 2025 (ytranscript.app).txt,https://www.youtube.com/watch?v=jSqwu4WA8wg
2025-10-09,284/2025,Maurício Lopes,Altera a,Em Discussão,N/A,"Amanda, André do Gás, Bruninho Almeida, Caio Perfister, Calé, Dudu do Resgate, Diego Barbosa, Fabinho Filé, Fidel Faria, Igor Faraco, João Miguel, Luciano Santos, Márcia Valentim, Marcos Rangel, Maurício Lopes, Paulinho Nogueira, Totó, Totó Online",Sessão da Câmara de Teresópolis - 09 - 10 - 2025 (ytranscript.app).txt,https://www.youtube.com/watch?v=tMPrHarWa7c
2025-10-14,284/2025,Maurício Lopes,Altera a,Não identificado,N/A,"Amanda, André do Gás, Bruninho Almeida, Cacau Repórter, Caio Perfister, Calé, Dudu do Resgate, Diego Barbosa, Fabinho Filé, Fidel Faria, Igor Faraco, João Miguel, Luciano Santos, Marcos Rangel, Maurício Lopes, Paulinho Nogueira, Amurim, Sandrinho, Totó, Totó Online",Sessão da Câmara de Teresópolis - 14 - 10 - 2025 (ytranscript.app).txt,https://www.youtube.com/watch?v=KFnG553dDHU
2025-10-14,285/2005,Caio Perfister,Ementa não identificada,Aprovado (Votação Simbólica),N/A,"Amanda, André do Gás, Bruninho Almeida, Cacau Repórter, Caio Perfister, Calé, Dudu do Resgate, Diego Barbosa, Fabinho Filé, Fidel Faria, Igor Faraco, João Miguel, Luciano Santos, Marcos Rangel, Maurício Lopes, Paulinho Nogueira, Amurim, Sandrinho, Totó, Totó Online",Sessão da Câmara de Teresópolis - 14 - 10 - 2025 (ytranscript.app).txt,https://www.youtube.com/watch?v=KFnG553dDHU
2025-10-09,285/2025,Igor Faraco,Dispõe sobre o,Não identificado,N/A,"Amanda, André do Gás, Bruninho Almeida, Caio Perfister, Calé, Dudu do Resgate, Diego Barbosa, Fabinho Filé, Fidel Faria, Igor Faraco, João Miguel, Luciano Santos, Márcia Valentim, Marcos Rangel, Maurício Lopes, Paulinho Nogueira, Totó, Totó Online",Sessão da Câmara de Teresópolis - 09 - 10 - 2025 (ytranscript.app).txt,https://www.youtube.com/watch?v=tMPrHarWa7c
2025-10-14,285/2025,João Miguel,Dispõe sobre a,Não identificado,N/A,"Amanda, André do Gás, Bruninho Almeida, Cacau Repórter, Caio Perfister, Calé, Dudu do Resgate, Diego Barbosa, Fabinho Filé, Fidel Faria, Igor Faraco, João Miguel, Luciano Santos, Marcos Rangel, Maurício Lopes, Paulinho Nogueira, Amurim, Sandrinho, Totó, Totó Online",Sessão da Câmara de Teresópolis - 14 - 10 - 2025 (ytranscript.app).txt,https://www.youtube.com/watch?v=KFnG553dDHU
2025-10-16,285/2025,Maurício Lopes,Altera a,Em Discussão,N/A,"Amanda, André do Gás, Bruninho Almeida, Cacau Repórter, Calé, Dudu do Resgate, Diego Barbosa, Fabinho Filé, Fidel Faria, Igor Faraco, João Miguel, Luciano Santos, Márcia Valentim, Marcos Rangel, Maurício Lopes, Sandrinho",Sessão da Câmara de Teresópolis - 16 - 10 - 2025 (ytranscript.app).txt,https://www.youtube.com/watch?v=rL5qLDemuZo
2025-10-09,286/2025,Caio Perfister,Dispõe sobre d,Não identificado,N/A,"Amanda, André do Gás, Bruninho Almeida, Caio Perfister, Calé, Dudu do Resgate, Diego Barbosa, Fabinho Filé, Fidel Faria, Igor Faraco, João Miguel, Luciano Santos, Márcia Valentim, Marcos Rangel, Maurício Lopes, Paulinho Nogueira, Totó, Totó Online",Sessão da Câmara de Teresópolis - 09 - 10 - 2025 (ytranscript.app).txt,https://www.youtube.com/watch?v=tMPrHarWa7c
2025-11-09,288/2025,Fabinho Filé,Dispõe sobre d,Não identificado,N/A,"Amanda, André do Gás, Bruninho Almeida, Cacau Repórter, Caio Perfister, Calé, Dudu do Resgate, Diego Barbosa, Fabinho Filé, Fidel Faria, Igor Faraco, João Miguel, Luciano Santos, Paulinho Nogueira, Amurim, Totó, Totó Online",Sessão da Câmara de Teresópolis - 06 - 11 - 2025 (ytranscript.app).txt,https://www.youtube.com/watch?v=Ko_Fus7_G3o
2025-10-09,292/2025,Marcos Rangel,Dispõe sobre a,Encaminhado para Comissão,N/A,"Amanda, André do Gás, Bruninho Almeida, Caio Perfister, Calé, Dudu do Resgate, Diego Barbosa, Fabinho Filé, Fidel Faria, Igor Faraco, João Miguel, Luciano Santos, Márcia Valentim, Marcos Rangel, Maurício Lopes, Paulinho Nogueira, Totó, Totó Online",Sessão da Câmara de Teresópolis - 09 - 10 - 2025 (ytranscript.app).txt,https://www.youtube.com/watch?v=tMPrHarWa7c
2025-10-31,292/2025,Marcos Rangel,Dispõe sobre a,Não identificado,N/A,"Amanda, Bruninho Almeida, Cacau Repórter, Caio Perfister, Calé, Dudu do Resgate, Diego Barbosa, Fabinho Filé, Fidel Faria, Igor Faraco, João Miguel, Luciano Santos, Márcia Valentim, Marcos Rangel, Maurício Lopes, Paulinho Nogueira, Sandrinho, Totó, Totó Online",Sessão da Câmara de Teresópolis - 04 - 11 - 2025 (ytranscript.app).txt,https://www.youtube.com/watch?v=roFgy_8zcIc
2025-11-09,292/2025,Marcos Rangel,Dispõe sobre a,Não identificado,N/A,"Amanda, André do Gás, Bruninho Almeida, Cacau Repórter, Caio Perfister, Calé, Dudu do Resgate, Diego Barbosa, Fabinho Filé, Fidel Faria, Igor Faraco, João Miguel, Luciano Santos, Paulinho Nogueira, Amurim, Totó, Totó Online",Sessão da Câmara de Teresópolis - 06 - 11 - 2025 (ytranscript.app).txt,https://www.youtube.com/watch?v=Ko_Fus7_G3o
2025-10-09,293/2025,Sandrinho,Institui n,Encaminhado para Comissão,N/A,"Amanda, André do Gás, Bruninho Almeida, Caio Perfister, Calé, Dudu do Resgate, Diego Barbosa, Fabinho Filé, Fidel Faria, Igor Faraco, João Miguel, Luciano Santos, Márcia Valentim, Marcos Rangel, Maurício Lopes, Paulinho Nogueira, Totó, Totó Online",Sessão da Câmara de Teresópolis - 09 - 10 - 2025 (ytranscript.app).txt,https://www.youtube.com/watch?v=tMPrHarWa7c
2025-11-09,293/2025,Sandrinho,Dispõe sobre a,Não identificado,N/A,"Amanda, André do Gás, Bruninho Almeida, Cacau Repórter, Caio Perfister, Calé, Dudu do Resgate, Diego Barbosa, Fabinho Filé, Fidel Faria, Igor Faraco, João Miguel, Luciano Santos, Paulinho Nogueira, Amurim, Totó, Totó Online",Sessão da Câmara de Teresópolis - 06 - 11 - 2025 (ytranscript.app).txt,https://www.youtube.com/watch?v=Ko_Fus7_G3o
2025-10-09,294/2025,Vitinho,Institui o,Encaminhado para Comissão,N/A,"Amanda, André do Gás, Bruninho Almeida, Caio Perfister, Calé, Dudu do Resgate, Diego Barbosa, Fabinho Filé, Fidel Faria, Igor Faraco, João Miguel, Luciano Santos, Márcia Valentim, Marcos Rangel, Maurício Lopes, Paulinho Nogueira, Totó, Totó Online",Sessão da Câmara de Teresópolis - 09 - 10 - 2025 (ytranscript.app).txt,https://www.youtube.com/watch?v=tMPrHarWa7c
2025-10-21,300/2025,João Miguel,Dispõe sobre a,Aprovado (Votação Simbólica),N/A,Chamada não identificada,Sessão da Câmara de Teresópolis - 21 - 10 - 2025 (ytranscript.app).txt,https://www.youtube.com/watch?v=jSqwu4WA8wg
2025-11-09,300/2025,João Miguel,Institui o,Não identificado,N/A,"Amanda, André do Gás, Bruninho Almeida, Cacau Repórter, Caio Perfister, Calé, Dudu do Resgate, Diego Barbosa, Fabinho Filé, Fidel Faria, Igor Faraco, João Miguel, Luciano Santos, Paulinho Nogueira, Amurim, Totó, Totó Online",Sessão da Câmara de Teresópolis - 06 - 11 - 2025 (ytranscript.app).txt,https://www.youtube.com/watch?v=Ko_Fus7_G3o
2025-12-02,301/2025,Cacau Repórter,Institui n,Não identificado,N/A,Chamada não identificada,Sessão da Câmara de Teresópolis - 02 - 12 - 2025 (ytranscript.app).txt,https://www.youtube.com/watch?v=1_fKnlVY00Q
2025-11-09,303/2025,da vereadora professora Amanda,Institui o,Não identificado,N/A,"Amanda, André do Gás, Bruninho Almeida, Cacau Repórter, Caio Perfister, Calé, Dudu do Resgate, Diego Barbosa, Fabinho Filé, Fidel Faria, Igor Faraco, João Miguel, Luciano Santos, Paulinho Nogueira, Amurim, Totó, Totó Online",Sessão da Câmara de Teresópolis - 06 - 11 - 2025 (ytranscript.app).txt,https://www.youtube.com/watch?v=Ko_Fus7_G3o
2025-11-27,303/2025,Igor Faraco,Institui d,Não identificado,N/A,Chamada não identificada,Sessão da Câmara de Teresópolis - 27 - 11 - 2025 (ytranscript.app).txt,https://www.youtube.com/watch?v=F8canTMUMys
2025-12-02,303/2025,Autor não identificado,Dispõe sobre o,Não identificado,N/A,Chamada não identificada,Sessão da Câmara de Teresópolis - 02 - 12 - 2025 (ytranscript.app).txt,https://www.youtube.com/watch?v=1_fKnlVY00Q
2025-11-09,305/2025,da vereadora professora Amanda,Institui o,Não identificado,N/A,"Amanda, André do Gás, Bruninho Almeida, Cacau Repórter, Caio Perfister, Calé, Dudu do Resgate, Diego Barbosa, Fabinho Filé, Fidel Faria, Igor Faraco, João Miguel, Luciano Santos, Paulinho Nogueira, Amurim, Totó, Totó Online",Sessão da Câmara de Teresópolis - 06 - 11 - 2025 (ytranscript.app).txt,https://www.youtube.com/watch?v=Ko_Fus7_G3o
2025-11-27,305/2025,Paulinho Nogueira,Institui o,Não identificado,N/A,Chamada não identificada,Sessão da Câmara de Teresópolis - 27 - 11 - 2025 (ytranscript.app).txt,https://www.youtube.com/watch?v=F8canTMUMys
2025-11-09,310/2025,Paulinho Nogueira,Institui o,Não identificado,N/A,"Amanda, André do Gás, Bruninho Almeida, Cacau Repórter, Caio Perfister, Calé, Dudu do Resgate, Diego Barbosa, Fabinho Filé, Fidel Faria, Igor Faraco, João Miguel, Luciano Santos, Paulinho Nogueira, Amurim, Totó, Totó Online",Sessão da Câmara de Teresópolis - 06 - 11 - 2025 (ytranscript.app).txt,https://www.youtube.com/watch?v=Ko_Fus7_G3o
2025-11-09,314/2025,Fidel Faria,Autoriza a,Aprovado (Votação Simbólica),N/A,"Amanda, André do Gás, Bruninho Almeida, Cacau Repórter, Caio Perfister, Calé, Dudu do Resgate, Diego Barbosa, Fabinho Filé, Fidel Faria, Igor Faraco, João Miguel, Luciano Santos, Paulinho Nogueira, Amurim, Totó, Totó Online",Sessão da Câmara de Teresópolis - 06 - 11 - 2025 (ytranscript.app).txt,https://www.youtube.com/watch?v=Ko_Fus7_G3o
2025-11-09,315/2025,Fidel Faria,Autoriza a,Aprovado (Votação Simbólica),N/A,"Amanda, André do Gás, Bruninho Almeida, Cacau Repórter, Caio Perfister, Calé, Dudu do Resgate, Diego Barbosa, Fabinho Filé, Fidel Faria, Igor Faraco, João Miguel, Luciano Santos, Paulinho Nogueira, Amurim, Totó, Totó Online",Sessão da Câmara de Teresópolis - 06 - 11 - 2025 (ytranscript.app).txt,https://www.youtube.com/watch?v=Ko_Fus7_G3o
2025-10-02,316/2025,Diego Barbosa,Institui p,Aprovado (Votação Simbólica),N/A,"Amanda, André do Gás, Cacau Repórter, Calé, Dudu do Resgate, Diego Barbosa, Fabinho Filé, Fidel Faria, Igor Faraco, João Miguel, Luciano Santos, Márcia Valentim, Marcos Rangel, Maurício Lopes, Paulinho Nogueira, Amurim, Totó, Totó Online",Sessão da Câmara de Teresópolis - 30 - 10 - 2025 (ytranscript.app).txt,https://www.youtube.com/watch?v=nQaGlr_AAcU
2025-11-27,316/2025,Diego Barbosa,Dispõe sobre d,Não identificado,N/A,Chamada não identificada,Sessão da Câmara de Teresópolis - 27 - 11 - 2025 (ytranscript.app).txt,https://www.youtube.com/watch?v=F8canTMUMys
2025-10-02,317/2025,Maurício Lopes,Institui p,Aprovado (Votação Simbólica),N/A,"Amanda, André do Gás, Cacau Repórter, Calé, Dudu do Resgate, Diego Barbosa, Fabinho Filé, Fidel Faria, Igor Faraco, João Miguel, Luciano Santos, Márcia Valentim, Marcos Rangel, Maurício Lopes, Paulinho Nogueira, Amurim, Totó, Totó Online",Sessão da Câmara de Teresópolis - 30 - 10 - 2025 (ytranscript.app).txt,https://www.youtube.com/watch?v=nQaGlr_AAcU
2025-11-09,317/2025,Dudo Resgate,Dispõe sobre d,Não identificado,N/A,"Amanda, André do Gás, Bruninho Almeida, Cacau Repórter, Caio Perfister, Calé, Dudu do Resgate, Diego Barbosa, Fabinho Filé, Fidel Faria, Igor Faraco, João Miguel, Luciano Santos, Paulinho Nogueira, Amurim, Totó, Totó Online",Sessão da Câmara de Teresópolis - 06 - 11 - 2025 (ytranscript.app).txt,https://www.youtube.com/watch?v=Ko_Fus7_G3o
2025-10-02,319/2025,Maurício Lopes,Denominação de logradouro público,Aprovado (Votação Simbólica),N/A,"Amanda, André do Gás, Cacau Repórter, Calé, Dudu do Resgate, Diego Barbosa, Fabinho Filé, Fidel Faria, Igor Faraco, João Miguel, Luciano Santos, Márcia Valentim, Marcos Rangel, Maurício Lopes, Paulinho Nogueira, Amurim, Totó, Totó Online",Sessão da Câmara de Teresópolis - 30 - 10 - 2025 (ytranscript.app).txt,https://www.youtube.com/watch?v=nQaGlr_AAcU
2025-12-09,320/2025,Cacau Repórter,De autoria do vereador Maurício Lopes. Projeto de lei número 320/2025 de autoria do vereador Maurício Lopes.,Não identificado,N/A,Chamada não identificada,Sessão da Câmara de Teresópolis - 09 - 12 - 2025 (ytranscript.app).txt,https://www.youtube.com/watch?v=GJmqmTCnwXo
2025-12-02,321/2025,Fidel Faria,Institui o,Não identificado,N/A,Chamada não identificada,Sessão da Câmara de Teresópolis - 02 - 12 - 2025 (ytranscript.app).txt,https://www.youtube.com/watch?v=1_fKnlVY00Q
2025-10-31,322/2025,Diego Barbosa,Dispõe sobre a,Encaminhado para Comissão,N/A,"Amanda, Bruninho Almeida, Cacau Repórter, Caio Perfister, Calé, Dudu do Resgate, Diego Barbosa, Fabinho Filé, Fidel Faria, Igor Faraco, João Miguel, Luciano Santos, Márcia Valentim, Marcos Rangel, Maurício Lopes, Paulinho Nogueira, Sandrinho, Totó, Totó Online",Sessão da Câmara de Teresópolis - 04 - 11 - 2025 (ytranscript.app).txt,https://www.youtube.com/watch?v=roFgy_8zcIc
2025-11-27,323/2025,Dudu do Resgate,Dispõe sobre d,Em Discussão,N/A,Chamada não identificada,Sessão da Câmara de Teresópolis - 27 - 11 - 2025 (ytranscript.app).txt,https://www.youtube.com/watch?v=F8canTMUMys
2025-10-31,324/2025,Fabinho Filé,Dispõe sobre d,Encaminhado para Comissão,N/A,"Amanda, Bruninho Almeida, Cacau Repórter, Caio Perfister, Calé, Dudu do Resgate, Diego Barbosa, Fabinho Filé, Fidel Faria, Igor Faraco, João Miguel, Luciano Santos, Márcia Valentim, Marcos Rangel, Maurício Lopes, Paulinho Nogueira, Sandrinho, Totó, Totó Online",Sessão da Câmara de Teresópolis - 04 - 11 - 2025 (ytranscript.app).txt,https://www.youtube.com/watch?v=roFgy_8zcIc
2025-11-09,324/2025,Fabinho Filé,Dispõe sobre d,Não identificado,N/A,"Amanda, André do Gás, Bruninho Almeida, Cacau Repórter, Caio Perfister, Calé, Dudu do Resgate, Diego Barbosa, Fabinho Filé, Fidel Faria, Igor Faraco, João Miguel, Luciano Santos, Paulinho Nogueira, Amurim, Totó, Totó Online",Sessão da Câmara de Teresópolis - 06 - 11 - 2025 (ytranscript.app).txt,https://www.youtube.com/watch?v=Ko_Fus7_G3o
2025-11-27,324/2025,Fabinho Filé,Dispõe sobre d,Aprovado (Votação Simbólica),N/A,Chamada não identificada,Sessão da Câmara de Teresópolis - 27 - 11 - 2025 (ytranscript.app).txt,https://www.youtube.com/watch?v=F8canTMUMys
2025-10-31,326/2025,Paulinho Nogueira,Institui o,Encaminhado para Comissão,N/A,"Amanda, Bruninho Almeida, Cacau Repórter, Caio Perfister, Calé, Dudu do Resgate, Diego Barbosa, Fabinho Filé, Fidel Faria, Igor Faraco, João Miguel, Luciano Santos, Márcia Valentim, Marcos Rangel, Maurício Lopes, Paulinho Nogueira, Sandrinho, Totó, Totó Online",Sessão da Câmara de Teresópolis - 04 - 11 - 2025 (ytranscript.app).txt,https://www.youtube.com/watch?v=roFgy_8zcIc
2025-11-09,326/2025,Luciano Santos,Dispõe sobre d,Não identificado,N/A,"Amanda, André do Gás, Bruninho Almeida, Cacau Repórter, Caio Perfister, Calé, Dudu do Resgate, Diego Barbosa, Fabinho Filé, Fidel Faria, Igor Faraco, João Miguel, Luciano Santos, Paulinho Nogueira, Amurim, Totó, Totó Online",Sessão da Câmara de Teresópolis - 06 - 11 - 2025 (ytranscript.app).txt,https://www.youtube.com/watch?v=Ko_Fus7_G3o
2025-10-31,328/2025,Sandrinho,Institui c,Encaminhado para Comissão,N/A,"Amanda, Bruninho Almeida, Cacau Repórter, Caio Perfister, Calé, Dudu do Resgate, Diego Barbosa, Fabinho Filé, Fidel Faria, Igor Faraco, João Miguel, Luciano Santos, Márcia Valentim, Marcos Rangel, Maurício Lopes, Paulinho Nogueira, Sandrinho, Totó, Totó Online",Sessão da Câmara de Teresópolis - 04 - 11 - 2025 (ytranscript.app).txt,https://www.youtube.com/watch?v=roFgy_8zcIc
2025-12-09,328/2025,Cacau Repórter,De autoria do vereador Diego Barbosa. Projeto de lei 328/2025 de autoria do vereador Sandrinho.,Não identificado,N/A,Chamada não identificada,Sessão da Câmara de Teresópolis - 09 - 12 - 2025 (ytranscript.app).txt,https://www.youtube.com/watch?v=GJmqmTCnwXo
2025-11-25,33/2025,Cacau Repórter,Dispõe sobre d,Aprovado (Votação Simbólica),N/A,"Amanda, André do Gás, Bruninho Almeida, Cacau Repórter, Caio Perfister, Calé, Dudu do Resgate, Diego Barbosa, Fabinho Filé, Fidel Faria, Igor Faraco, João Miguel, Luciano Santos, Márcia Valentim, Marcos Rangel, Maurício Lopes, Paulinho Nogueira, Sandrinho, Totó, Totó Online",Sessão da Câmara de Teresópolis - 13 - 11 - 2025 (ytranscript.app).txt,https://www.youtube.com/watch?v=NzW-ezYHKHs
2025-11-25,332/2025,Luciano Santos,Dispõe sobre a,Aprovado (Votação Simbólica),N/A,"Amanda, André do Gás, Bruninho Almeida, Cacau Repórter, Caio Perfister, Calé, Dudu do Resgate, Diego Barbosa, Fabinho Filé, Fidel Faria, Igor Faraco, João Miguel, Luciano Santos, Márcia Valentim, Marcos Rangel, Maurício Lopes, Paulinho Nogueira, Sandrinho, Totó, Totó Online",Sessão da Câmara de Teresópolis - 13 - 11 - 2025 (ytranscript.app).txt,https://www.youtube.com/watch?v=NzW-ezYHKHs
2025-11-25,334/2025,Caio Perfister,Dispõe sobre d,Aprovado (Votação Simbólica),N/A,"Amanda, André do Gás, Bruninho Almeida, Cacau Repórter, Caio Perfister, Calé, Dudu do Resgate, Diego Barbosa, Fabinho Filé, Fidel Faria, Igor Faraco, João Miguel, Luciano Santos, Márcia Valentim, Marcos Rangel, Maurício Lopes, Paulinho Nogueira, Sandrinho, Totó, Totó Online",Sessão da Câmara de Teresópolis - 13 - 11 - 2025 (ytranscript.app).txt,https://www.youtube.com/watch?v=NzW-ezYHKHs
2025-12-09,334/2025,Cacau Repórter,De autoria do vereador Diego Barbosa. Projeto de lei 328/2025 de autoria do vereador Sandrinho.,Não identificado,N/A,Chamada não identificada,Sessão da Câmara de Teresópolis - 09 - 12 - 2025 (ytranscript.app).txt,https://www.youtube.com/watch?v=GJmqmTCnwXo
2025-11-25,337/2025,João Miguel,Inclui n,Aprovado (Votação Simbólica),N/A,"Amanda, André do Gás, Bruninho Almeida, Cacau Repórter, Caio Perfister, Calé, Dudu do Resgate, Diego Barbosa, Fabinho Filé, Fidel Faria, Igor Faraco, João Miguel, Luciano Santos, Márcia Valentim, Marcos Rangel, Maurício Lopes, Paulinho Nogueira, Sandrinho, Totó, Totó Online",Sessão da Câmara de Teresópolis - 13 - 11 - 2025 (ytranscript.app).txt,https://www.youtube.com/watch?v=NzW-ezYHKHs
2025-11-25,339/2025,Sandrinho,Inclui n,Aprovado (Votação Simbólica),N/A,"Amanda, André do Gás, Bruninho Almeida, Cacau Repórter, Caio Perfister, Calé, Dudu do Resgate, Diego Barbosa, Fabinho Filé, Fidel Faria, Igor Faraco, João Miguel, Luciano Santos, Márcia Valentim, Marcos Rangel, Maurício Lopes, Paulinho Nogueira, Sandrinho, Totó, Totó Online",Sessão da Câmara de Teresópolis - 13 - 11 - 2025 (ytranscript.app).txt,https://www.youtube.com/watch?v=NzW-ezYHKHs
2025-12-09,339/2025,Cacau Repórter,De autoria do vereador Sandrinho. Projeto de lei número 348 de 2025 de autoria do vereador Cacau Repórter.,Não identificado,N/A,Chamada não identificada,Sessão da Câmara de Teresópolis - 09 - 12 - 2025 (ytranscript.app).txt,https://www.youtube.com/watch?v=GJmqmTCnwXo
2025-11-27,342/2025,Marcos Rangel,Revoga o,Não identificado,N/A,Chamada não identificada,Sessão da Câmara de Teresópolis - 27 - 11 - 2025 (ytranscript.app).txt,https://www.youtube.com/watch?v=F8canTMUMys
2025-11-27,343/2025,Marcos Rangel,Revoga o,Não identificado,N/A,Chamada não identificada,Sessão da Câmara de Teresópolis - 27 - 11 - 2025 (ytranscript.app).txt,https://www.youtube.com/watch?v=F8canTMUMys
2025-11-27,344/2025,Marcos Rangel,Revoga o,Não identificado,N/A,Chamada não identificada,Sessão da Câmara de Teresópolis - 27 - 11 - 2025 (ytranscript.app).txt,https://www.youtube.com/watch?v=F8canTMUMys
2025-11-27,347/2025,Marcos Rangel,Dispõe sobre a,Não identificado,N/A,Chamada não identificada,Sessão da Câmara de Teresópolis - 27 - 11 - 2025 (ytranscript.app).txt,https://www.youtube.com/watch?v=F8canTMUMys
2025-12-09,351/2025,Cacau Repórter,De autoria do vereador Calé e Cacau Repórter. Projeto de lei 351/2025 de autoria do vereador Fidel Faria.,Em Discussão,N/A,Chamada não identificada,Sessão da Câmara de Teresópolis - 09 - 12 - 2025 (ytranscript.app).txt,https://www.youtube.com/watch?v=GJmqmTCnwXo
2025-11-27,354/2025,João Miguel,Dispõe sobre a,Não identificado,N/A,Chamada não identificada,Sessão da Câmara de Teresópolis - 27 - 11 - 2025 (ytranscript.app).txt,https://www.youtube.com/watch?v=F8canTMUMys
2025-11-27,355/2025,João Miguel,Dispõe sobre a,Não identificado,N/A,Chamada não identificada,Sessão da Câmara de Teresópolis - 27 - 11 - 2025 (ytranscript.app).txt,https://www.youtube.com/watch?v=F8canTMUMys
2025-12-09,359/2025,Cacau Repórter,De autoria do vereador Cacau Repórter. Projeto de lei 359/2025 de autoria do vereador João Miguel.,Em Discussão,N/A,Chamada não identificada,Sessão da Câmara de Teresópolis - 09 - 12 - 2025 (ytranscript.app).txt,https://www.youtube.com/watch?v=GJmqmTCnwXo
2025-11-27,362/2025,João Miguel,Dispõe sobre a,Não identificado,N/A,Chamada não identificada,Sessão da Câmara de Teresópolis - 27 - 11 - 2025 (ytranscript.app).txt,https://www.youtube.com/watch?v=F8canTMUMys
2025-12-09,367/2025,Fidel Faria,De autoria do executivo municipal. Projeto de lei 3662 de 2025 de autoria do executivo municipal.,Em Discussão,N/A,Chamada não identificada,Sessão da Câmara de Teresópolis - 09 - 12 - 2025 (ytranscript.app).txt,https://www.youtube.com/watch?v=GJmqmTCnwXo
2024-12-27,37/2022,Luciano Santos,Inclui o,Não identificado,N/A,Chamada não identificada,video-JHlCDk5N6Tc-ytranscript.txt,https://www.youtube.com/watch?v=JHlCDk5N6Tc
2025-04-03,44/2025,Érica Marra,Dispõe sobre d,Aprovado (Votação Simbólica),N/A,"Amanda, Bruninho Almeida, Cacau Repórter, Caio Perfister, Calé, Dudu do Resgate, Diego Barbosa, Fabinho Filé, Fidel Faria, Igor Faraco, João Miguel, Marcos Rangel, Maurício Lopes, Paulinho Nogueira, Amurim, Érica Marra",video-_7wAlHRBLSA-ytranscript.txt,https://www.youtube.com/watch?v=_7wAlHRBLSA
2025-04-30,63/2025,Dudu do Resgate,Dispõe sobre a,Não identificado,N/A,"Amanda, Cacau Repórter, Calé, Dudu do Resgate, Diego Barbosa, Fabinho Filé, Fidel Faria, Igor Faraco, João Miguel, Luciano Santos, Márcia Valentim, Marcos Rangel, Maurício Lopes, Paulinho Nogueira, Amurim, Érica Marra",video-lRcIU8VZdIM-ytranscript.txt,https://www.youtube.com/watch?v=lRcIU8VZdIM
2025-04-02,66/2025,Dudu do Resgate,Dispõe sobre r,Aprovado (Votação Simbólica),N/A,"Amanda, Bruninho Almeida, Cacau Repórter, Caio Perfister, Calé, Dudu do Resgate, Diego Barbosa, Fabinho Filé, Fidel Faria, Igor Faraco, João Miguel, Luciano Santos, Márcia Valentim, Marcos Rangel, Maurício Lopes, Paulinho Nogueira",video-q4OpqYXvxh0-ytranscript.txt,https://www.youtube.com/watch?v=q4OpqYXvxh0
2025-04-02,71/2025,Dudu do Resgate,Dispõe sobre a,Em Discussão,N/A,"Amanda, Bruninho Almeida, Cacau Repórter, Caio Perfister, Calé, Dudu do Resgate, Diego Barbosa, Fabinho Filé, Fidel Faria, Igor Faraco, João Miguel, Luciano Santos, Márcia Valentim, Marcos Rangel, Maurício Lopes, Paulinho Nogueira",video-q4OpqYXvxh0-ytranscript.txt,https://www.youtube.com/watch?v=q4OpqYXvxh0
2025-04-02,72/2025,Autor não identificado,Autoriza o,Aprovado (Votação Simbólica),N/A,"Amanda, Bruninho Almeida, Cacau Repórter, Caio Perfister, Calé, Dudu do Resgate, Diego Barbosa, Fabinho Filé, Fidel Faria, Igor Faraco, João Miguel, Luciano Santos, Márcia Valentim, Marcos Rangel, Maurício Lopes, Paulinho Nogueira",video-q4OpqYXvxh0-ytranscript.txt,https://www.youtube.com/watch?v=q4OpqYXvxh0
2025-04-15,75/2025,Cacau Repórter,Dispõe sobre o,Não identificado,N/A,"Amanda, Bruninho Almeida, Cacau Repórter, Caio Perfister, Calé, Dudu do Resgate, Diego Barbosa, Fabinho Filé, Fidel Faria, Igor Faraco, João Miguel, Luciano Santos, Márcia Valentim, Marcos Rangel, Maurício Lopes, Paulinho Nogueira, Amurim",video-GWiUIy5IE0Q-ytranscript.txt,https://www.youtube.com/watch?v=GWiUIy5IE0Q
2025-04-15,79/2025,Cacau Repórter,Dispõe sobre o,Não identificado,N/A,"Amanda, Bruninho Almeida, Cacau Repórter, Caio Perfister, Calé, Dudu do Resgate, Diego Barbosa, Fabinho Filé, Fidel Faria, Igor Faraco, João Miguel, Luciano Santos, Márcia Valentim, Marcos Rangel, Maurício Lopes, Paulinho Nogueira, Amurim",video-GWiUIy5IE0Q-ytranscript.txt,https://www.youtube.com/watch?v=GWiUIy5IE0Q
